id_album,id_musicien,nom,date_sortie
1,90,TURNER WENT,2015-10-20
2,212,HOPELESS love,2010-10-4
3,828,ALLEN KING,2020-11-6
4,135,EDWARDS MELISSA,2018-11-13
5,2505,EURO love,2013-4-12
6,2682,RUSSELL FRANCE,2019-7-10
7,1378,PHILLIPS BLACK,2020-7-3
8,1686,VILLE GO,2017-2-21
9,1691,GREEN BRENDA,2019-9-13
10,1316,WRIGHT love,2013-1-18
11,1001,GONZALES NO,2012-1-25
12,595,DRINK BRENDA,2018-7-3
13,966,HOPE GO,2013-8-9
14,1256,JENKINS DOROTHY,2018-2-3
15,856,BOSS QUEEN,2019-11-4
16,2341,SCOTT HOPE,2017-10-27
17,306,EVANS FRANCE,2013-7-10
18,345,BOSS DOING,2020-11-27
19,1891,LIFE KILL,2013-1-6
20,1545,FIVE FRANCE,2016-7-21
21,1973,LUCKY ALEX,2016-4-17
22,475,RED MARGARET,2015-5-24
23,1562,HOPE DOROTHY,2017-5-4
24,598,HERNANDEZ DOING,2019-3-27
25,1955,ADAMS ELIZABETH,2010-9-7
26,1629,DEAD WITH,2020-1-26
27,2041,SCOTT ELIZABETH,2021-12-5
28,213,WEST RIGHT,2012-10-10
29,181,LOPEZ ANGELA,2011-6-23
30,1112,SMOKE DOING,2021-1-1
31,1441,MITCHELL KING,2012-11-9
32,1166,FOUR ROW,2015-5-2
33,1763,HERNANDEZ WRONG,2019-8-4
34,1570,SIMMONS RING,2016-7-18
35,2438,WRIGHT RAW,2018-5-20
36,464,ROSS ELIZABETH,2010-2-26
37,1880,DAVIS ALEX,2014-7-7
38,638,CARTER BRENDA,2019-10-3
39,815,NEW RAW,2018-10-6
40,493,AFRICA hilwa,2013-3-17
41,1253,EVIL MARGARET,2019-8-2
42,1045,DIAZ ROW,2013-6-6
43,1329,SANDERS FRANCE,2021-8-4
44,478,TURNER WITH,2014-2-13
45,2382,DOLLAR DONNA,2020-3-11
46,2434,MARTIN DOING,2012-3-16
47,2109,MAN DOROTHY,2012-7-5
48,2287,DAVIS SARAH,2011-3-18
49,107,HERNANDEZ ANGELA,2016-11-22
50,2292,BOSS SARAH,2016-11-24
51,485,PRICE RIGHT,2020-10-27
52,835,REY sanna,2016-5-24
53,1289,RED AMY,2011-8-1
54,918,HOPE SARAH,2021-1-12
55,1910,BARNES WITH,2019-12-16
56,555,LIVE sanna,2015-5-16
57,2270,JENKINS MARGARET,2017-8-19
58,2267,CHINA ANGELA,2020-7-9
59,450,EAT QUEEN,2019-3-14
60,660,WILSON DOING,2014-6-2
61,1141,HILL FRANCE,2019-6-28
62,110,DRINK MARGARET,2015-2-25
63,34,HALL ALEX,2010-11-2
64,2047,ILL KING,2018-6-13
65,1962,SPIDER QUEEN,2019-8-6
66,1413,ROBERTS sanna,2011-11-16
67,2155,MARTIN DONNA,2015-8-20
68,600,LUCKY FRANCE,2016-11-14
69,467,EUROPE SUSAN,2016-3-25
70,697,COLEMAN BLACK,2015-11-13
71,1989,DIAZ FRANCE,2011-12-25
72,1751,ROBERTS SARAH,2021-4-3
73,1928,ALLEN BRENDA,2020-12-24
74,386,EURO KING,2017-12-1
75,1488,CHINA love,2019-4-22
76,1027,GRAY ALEX,2015-11-9
77,2268,HELL KILL,2014-4-28
78,56,PETERSON MELISSA,2012-11-13
79,2192,HOPE WENT,2016-10-22
80,727,WILSON WENT,2011-6-25
81,2102,RUSSELL KILL,2019-5-19
82,527,SPIDER KILL,2010-8-16
83,33,WILSON NO,2014-11-17
84,251,SIMMONS RIGHT,2010-3-2
85,238,GONZALEZ KING,2014-10-11
86,768,BARNES RAW,2013-6-11
87,1146,MORE WITH,2020-7-26
88,1423,BUTLER ELIZABETH,2011-9-7
89,329,WEMAN RING,2020-6-7
90,869,BRYANT ELIZABETH,2014-1-15
91,1801,HUGE BLACK,2016-6-25
92,2236,HAYES RAW,2018-1-20
93,1671,MITCHELL AMY,2010-12-7
94,1901,DAVIS SUSAN,2015-3-25
95,1864,HATE MELISSA,2016-5-12
96,2662,LOVE KING,2012-7-1
97,1414,CHINA RIGHT,2015-12-26
98,949,LUCKY WITH,2012-11-1
99,2402,CHINA AMY,2018-10-2
100,1407,DIAZ sanna,2014-1-1
101,643,LUCKY DOING,2021-5-22
102,1617,ALEXANDER ANGELA,2012-9-7
103,1123,DEAD KILL,2019-7-27
104,1412,BAKER ALEX,2016-3-27
105,857,PHILLIPS SARAH,2010-4-5
106,2605,PEREZ BLACK,2018-5-14
107,2667,SANDERS DOROTHY,2011-1-6
108,825,HARRIS HELP,2019-12-19
109,2300,HARRIS ELIZABETH,2015-12-12
110,243,BARNES WENT,2019-5-4
111,2661,LION CYNTHIA,2020-10-14
112,2441,KING DOING,2014-11-17
113,1642,NELSON WRONG,2014-11-7
114,1231,LOVE ALEX,2018-6-24
115,426,LIVE YES,2011-7-26
116,1570,PRICE QUEEN,2018-5-21
117,1955,COUNTRY NO,2011-7-8
118,1348,AFRICA DOING,2012-6-26
119,1773,HEAVEN YES,2010-3-28
120,1056,EVANS WITH,2021-8-15
121,395,LION ALEX,2021-9-13
122,76,WASHINGTON sanna,2013-4-9
123,2404,BARNES KILL,2012-10-1
124,1941,ADAMS love,2010-9-13
125,2591,SNAKE hilwa,2015-10-1
126,2572,EVANS BLACK,2011-10-27
127,1388,PARKER LISA,2020-2-12
128,1389,NELSON ROW,2017-3-9
129,1449,TURNER RAW,2016-3-15
130,668,ADAMS MELISSA,2012-3-7
131,150,LOVE SUSAN,2011-5-12
132,2487,HERNANDEZ YES,2020-8-6
133,1692,JENKINS GO,2010-5-8
134,457,FOSTER GO,2017-6-3
135,1389,HERNANDEZ SUSAN,2015-7-23
136,2499,FIVE BLACK,2015-3-15
137,157,WELL ROW,2016-6-12
138,2736,JENKINS hilwa,2017-1-19
139,385,TURNER NO,2020-8-11
140,1614,COLLINS AMY,2010-2-26
141,2145,HAYES WRONG,2017-6-22
142,1231,VILLE DONNA,2015-10-1
143,1808,CAMPBELL HOPE,2018-4-1
144,413,FOSTER FRANCE,2021-10-8
145,1860,HENDERSON WITH,2010-1-26
146,282,CHINA DONNA,2020-5-1
147,1956,FILM ELIZABETH,2014-11-10
148,1376,WATSON HOPE,2018-4-19
149,972,HELL SARAH,2011-10-12
150,170,DRAGULA KILL,2019-5-14
151,249,COLLINS sanna,2010-6-26
152,2289,PRICE ALEX,2012-8-26
153,1792,EAST ROW,2021-9-25
154,212,RED CYNTHIA,2021-7-21
155,1258,COUNTRY HOPE,2010-12-8
156,1339,AFRICA RING,2015-8-15
157,509,MITCHELL KING,2010-10-17
158,995,ALLEN AMY,2011-1-18
159,2656,BAT NO,2021-8-10
160,495,COLLINS HOPE,2010-3-23
161,1881,DOLLAR ELIZABETH,2019-3-2
162,2539,EAST SARAH,2016-10-23
163,771,LUCKY AMY,2019-5-4
164,174,LIFE FRANCE,2016-8-14
165,2434,DIAZ DOING,2011-8-14
166,1800,LUCKY MELISSA,2010-10-7
167,2659,COLLINS FRANCE,2016-1-11
168,1180,NELSON WENT,2014-4-26
169,429,HATE ELIZABETH,2016-6-26
170,1204,BARNES love,2019-6-3
171,2206,COUNTRY love,2011-8-28
172,2298,HELL AMY,2012-6-13
173,68,LUCKY FRANCE,2019-6-13
174,1263,WATSON ALEX,2010-3-18
175,2460,ROBERTS HOPE,2015-12-9
176,571,SIMMONS DOING,2018-12-8
177,2623,SEX CYNTHIA,2021-12-3
178,240,REY QUEEN,2012-11-18
179,83,MARTIN GO,2020-5-21
180,2038,CHINA RING,2012-11-19
181,18,PHILLIPS ELIZABETH,2020-2-28
182,1471,EAST RIGHT,2013-8-8
183,2581,LUCKY CYNTHIA,2015-10-8
184,1824,COUNTRY RIGHT,2014-2-22
185,589,MITCHELL hilwa,2013-2-14
186,251,COLLINS WENT,2018-11-7
187,133,CARTER SUSAN,2016-12-1
188,58,LOVE WITH,2011-6-20
189,1843,DAVIS GO,2015-12-1
190,2461,HOPELESS love,2011-2-16
191,2292,OLD CYNTHIA,2011-5-27
192,484,ILL KING,2019-6-14
193,461,ADAMS HELP,2014-2-19
194,2037,HARRIS AMY,2018-4-15
195,2415,SCOTT ALEX,2021-1-6
196,2403,HUGE WRONG,2011-3-28
197,788,HELL sanna,2012-10-2
198,2336,TURNER sanna,2017-2-16
199,2627,KING BLACK,2018-6-11
200,487,SIMMONS BRENDA,2020-6-13
201,1386,MARTIN DOROTHY,2020-6-3
202,1859,NEW BLACK,2014-6-25
203,1882,AFRICA love,2015-7-3
204,2207,GONZALES HOPE,2014-12-14
205,1503,POLO DOROTHY,2020-7-5
206,1120,EDWARDS WENT,2021-5-17
207,1145,ROSS RING,2018-4-6
208,1615,DEAD LISA,2012-5-7
209,803,SPIDER DOROTHY,2010-11-4
210,1861,HERNANDEZ SUSAN,2013-4-18
211,1561,WEST WENT,2018-6-6
212,947,EDWARDS AMY,2014-7-22
213,2663,HOPE WRONG,2011-4-28
214,216,EAST WITH,2012-7-4
215,868,LUCK WENT,2010-12-23
216,574,CHINA KING,2014-8-28
217,1364,SMOKE DOROTHY,2015-6-15
218,2651,EVANS BRENDA,2018-4-17
219,1757,VILLE DONNA,2017-1-11
220,2626,COUNTRY DONNA,2010-12-7
221,50,FOUR SARAH,2020-8-27
222,1265,POLO NO,2016-9-17
223,2072,ROBERTS ROW,2018-11-4
224,2067,HARRIS RING,2012-11-11
225,2362,WELL ANGELA,2020-2-16
226,2389,HALL FRANCE,2015-4-21
227,2701,COLLINS WITH,2015-6-21
228,305,SPIDER KING,2020-11-11
229,460,AFRICA FRANCE,2018-5-18
230,1239,HOPELESS QUEEN,2018-7-8
231,2728,RUSSELL GO,2021-11-16
232,233,EVANS WENT,2015-2-11
233,2128,ILL ROW,2018-10-18
234,2010,ADAMS SARAH,2013-3-11
235,720,DAVIS NO,2012-11-12
236,853,PRICE sanna,2014-6-14
237,1640,DOLLAR sanna,2010-8-22
238,911,WELL sanna,2020-2-8
239,468,GRIFFIN MARGARET,2012-11-10
240,1540,TURNER CYNTHIA,2012-8-2
241,2127,WILSON FRANCE,2011-2-9
242,748,MORE DONNA,2019-10-9
243,645,ALEXANDER YES,2018-4-23
244,1997,BOSS ALEX,2012-10-11
245,1016,MILLER KING,2015-12-21
246,934,WEMAN FRANCE,2011-6-1
247,534,LOVE ALEX,2011-4-8
248,263,RUSSELL sanna,2018-7-1
249,795,DAVIS DOING,2018-10-3
250,1578,PETERSON WRONG,2013-1-21
251,246,KING AMY,2017-1-27
252,710,HOPE WENT,2010-6-1
253,103,PEREZ KING,2021-6-12
254,106,EAT ANGELA,2021-9-9
255,1968,BAT ANGELA,2020-8-23
256,2295,WASHINGTON SUSAN,2016-6-6
257,1974,SMOKE SUSAN,2019-6-9
258,2141,PHILLIPS WENT,2015-1-17
259,274,JENKINS ELIZABETH,2021-8-9
260,1830,AFRICA love,2013-4-12
261,407,BRYANT MARGARET,2016-2-4
262,2574,WILSON RING,2017-11-8
263,2585,FOSTER WRONG,2019-6-27
264,83,HERNANDEZ MARGARET,2015-5-21
265,664,ALLEN MARGARET,2021-6-27
266,2246,KING KILL,2010-1-19
267,1363,HENDERSON AMY,2016-11-17
268,2244,NEW ELIZABETH,2016-5-13
269,2706,SANDERS love,2014-1-15
270,2512,ADAMS RING,2012-11-15
271,1507,ADAMS love,2013-2-8
272,237,EVIL QUEEN,2016-12-12
273,882,FIVE sanna,2017-5-26
274,2317,WEST MELISSA,2019-8-23
275,2410,COUNTRY ALEX,2016-5-3
276,591,OLD DOING,2018-8-23
277,925,HEAVEN love,2016-6-5
278,2157,SNAKE NO,2021-10-18
279,1849,WASHINGTON WENT,2018-8-4
280,2272,MAN ROW,2010-1-13
281,395,HARRIS BRENDA,2010-7-6
282,1525,PRICE RING,2021-8-11
283,1442,YOUNG ANGELA,2018-12-16
284,2635,BARNES SUSAN,2018-1-22
285,2595,DEAD LISA,2021-9-6
286,303,DAVIS WRONG,2011-9-3
287,2235,SIX WENT,2010-9-2
288,822,MILLER WITH,2017-11-12
289,2391,DRINK DOROTHY,2019-8-1
290,1738,PHILLIPS ALEX,2018-8-13
291,2019,DRINK DOING,2020-6-20
292,1478,COLEMAN YES,2019-11-16
293,1160,HEAVEN ANGELA,2019-8-13
294,2056,RUSSELL CYNTHIA,2018-9-6
295,264,SEX MARGARET,2010-11-2
296,882,LUCK HELP,2013-12-6
297,1522,WILSON CYNTHIA,2020-1-18
298,943,OLD ROW,2016-7-8
299,1714,SEX FRANCE,2017-10-7
300,1553,CHINA DOING,2011-8-6
301,794,NEW DONNA,2012-5-3
302,2731,LUCKY ROW,2021-1-16
303,740,SEX BLACK,2014-7-3
304,934,CAMPBELL ROW,2015-3-20
305,1562,WELL ELIZABETH,2020-9-3
306,2067,DOLLAR sanna,2014-6-24
307,2479,BARNES DONNA,2014-5-20
308,265,MORE MELISSA,2016-5-19
309,209,NEW DONNA,2010-4-6
310,1195,SEX HOPE,2011-3-21
311,87,HAYES KILL,2014-5-24
312,1933,FOSTER KILL,2021-2-25
313,1010,HENDERSON MARGARET,2017-2-25
314,1172,FILM MARGARET,2013-1-9
315,2346,FILM love,2019-12-9
316,2062,GREEN BRENDA,2015-11-1
317,1703,BOSS CYNTHIA,2017-10-22
318,2126,EAT DOROTHY,2016-3-16
319,1559,FOSTER ELIZABETH,2014-12-1
320,2184,GRIFFIN love,2011-6-24
321,314,SMOKE DOROTHY,2015-3-4
322,2335,EVIL love,2021-2-18
323,2031,EUROPE HELP,2019-12-10
324,1580,HILL YES,2014-11-14
325,1332,HILL BLACK,2017-1-14
326,719,CAMPBELL MARGARET,2012-2-20
327,1684,HOPELESS ALEX,2021-3-27
328,1904,MOORE RIGHT,2010-11-3
329,399,COLEMAN RING,2015-6-18
330,2423,HARRIS HELP,2021-2-9
331,2113,LUCK ALEX,2012-2-12
332,2040,EVIL CYNTHIA,2011-9-28
333,2367,LIFE NO,2016-3-20
334,531,PARKER MARGARET,2013-10-18
335,1044,POLO sanna,2011-12-3
336,1849,HARRIS RAW,2021-5-22
337,1857,BAT RAW,2019-7-11
338,1200,KING NO,2013-9-25
339,1215,HENDERSON RING,2019-3-27
340,14,MARTIN ANGELA,2013-1-23
341,494,BAKER ANGELA,2016-6-2
342,1484,ADAMS RING,2014-5-27
343,1427,NEW GO,2011-1-20
344,2181,EURO HELP,2019-3-20
345,822,LIVE YES,2010-7-5
346,427,LOVE ELIZABETH,2020-7-1
347,1693,POLO SUSAN,2018-10-18
348,1853,DIAZ HOPE,2017-2-11
349,454,SIX GO,2014-9-10
350,1194,GONZALES BLACK,2021-3-1
351,70,WRIGHT BLACK,2020-3-9
352,1454,LUCK NO,2021-8-3
353,1915,RED YES,2013-9-4
354,1415,CARTER NO,2016-5-11
355,1818,ALLEN DOROTHY,2015-10-4
356,1253,LUCKY WITH,2012-8-23
357,1548,CHINA WITH,2012-9-10
358,818,GRAY DONNA,2017-10-23
359,1738,GREEN RAW,2011-5-17
360,1723,BRYANT love,2017-11-9
361,2311,LUCK DOING,2020-1-16
362,156,HARRIS HOPE,2014-7-12
363,1938,DAVIS ROW,2019-6-6
364,2716,LOVE ALEX,2017-2-13
365,2147,HAYES HOPE,2017-2-9
366,594,WOOD ELIZABETH,2012-2-24
367,1347,POLO RAW,2016-5-2
368,1438,OLD WITH,2020-6-11
369,2033,SNAKE ANGELA,2013-2-16
370,2569,BOSS BRENDA,2018-7-18
371,1945,CARTER QUEEN,2014-11-19
372,939,CARTER ALEX,2016-3-22
373,2083,DIAZ WITH,2015-10-17
374,2456,VILLE CYNTHIA,2011-7-13
375,2024,WATSON MARGARET,2010-11-23
376,18,TURNER ROW,2018-6-14
377,1871,SEX FRANCE,2018-9-18
378,2249,LOPEZ ALEX,2012-11-2
379,209,ROSS ANGELA,2021-7-22
380,2417,HELL KILL,2021-4-10
381,63,ROSS KILL,2010-7-10
382,171,RUSSELL sanna,2014-1-10
383,234,WOOD SARAH,2020-12-2
384,1730,ALLEN GO,2018-7-6
385,116,FIVE HELP,2012-2-13
386,1627,SANDERS BLACK,2018-8-21
387,437,WRIGHT hilwa,2015-8-19
388,2160,LUCK DOROTHY,2018-2-4
389,764,WATSON SARAH,2012-1-12
390,1103,BRYANT ANGELA,2021-8-22
391,2570,ILL RING,2017-2-3
392,2576,REY WENT,2013-4-13
393,68,MORE DOROTHY,2021-6-3
394,1631,SMOKE KING,2012-10-23
395,1223,SNAKE RIGHT,2018-10-4
396,2715,MARTIN GO,2014-7-22
397,754,LOVE AMY,2014-8-10
398,2469,NEW sanna,2020-1-11
399,426,BUTLER KILL,2012-1-26
400,2285,HERNANDEZ GO,2011-7-11
401,265,MARTIN DOING,2014-2-1
402,555,EVIL WRONG,2018-4-26
403,1121,GONZALEZ CYNTHIA,2017-5-9
404,323,MITCHELL DONNA,2010-3-10
405,1658,WATSON love,2017-5-13
406,413,FOUR ELIZABETH,2020-3-11
407,135,WILSON DOING,2018-11-14
408,1881,DAVIS CYNTHIA,2017-11-7
409,1699,GRAY ELIZABETH,2021-4-19
410,2598,LUCKY BLACK,2015-1-13
411,2732,SCOTT RAW,2017-7-28
412,2542,ROSS MARGARET,2013-10-5
413,2698,HOPE CYNTHIA,2020-2-3
414,1320,SANDERS ANGELA,2016-5-23
415,1265,RED NO,2012-1-17
416,501,JENKINS DOROTHY,2015-11-24
417,1671,ALLEN DONNA,2016-4-5
418,1567,HERNANDEZ FRANCE,2020-1-7
419,2141,ALLEN WRONG,2017-8-5
420,580,YOUNG YES,2016-8-6
421,1186,EAST BRENDA,2015-2-19
422,538,SEX RING,2011-2-17
423,764,MAN love,2012-4-20
424,2640,HUGE RIGHT,2017-2-22
425,1150,DIAZ CYNTHIA,2017-12-25
426,915,EURO WITH,2013-3-24
427,1552,RUSSELL RING,2019-7-9
428,2414,HARRIS SUSAN,2016-12-8
429,1508,SIX QUEEN,2014-4-23
430,730,PHILLIPS GO,2016-12-3
431,2362,HILL YES,2019-6-4
432,137,DOLLAR LISA,2015-8-3
433,1842,SEX ANGELA,2011-7-8
434,2672,EDWARDS CYNTHIA,2018-3-1
435,658,CARTER QUEEN,2014-3-25
436,2439,COLLINS YES,2016-1-10
437,835,ALEXANDER ANGELA,2014-7-14
438,2165,DRINK HOPE,2013-11-6
439,194,VILLE GO,2017-2-18
440,2611,COLEMAN DOROTHY,2016-8-13
441,1184,RUSSELL ROW,2011-4-2
442,1866,PEREZ RIGHT,2014-3-23
443,1446,WATSON love,2014-2-12
444,345,LOPEZ hilwa,2017-4-14
445,2393,SNAKE YES,2012-11-9
446,2518,LIVE AMY,2018-3-26
447,480,FILM QUEEN,2014-12-7
448,1634,HAYES BLACK,2020-7-1
449,1537,LOPEZ KING,2013-11-9
450,2370,FILM CYNTHIA,2012-3-17
451,421,LIVE DOING,2020-1-26
452,2341,EVIL BRENDA,2017-2-16
453,730,KING ROW,2016-7-25
454,1675,MORE MELISSA,2012-1-14
455,76,GONZALES WITH,2010-5-19
456,1064,BUTLER ALEX,2020-7-3
457,754,YOUNG sanna,2019-8-15
458,1355,RUSSELL MARGARET,2018-12-22
459,1198,TURNER KING,2017-3-25
460,2645,WRIGHT love,2015-6-20
461,1124,FOSTER KILL,2014-5-14
462,1899,BAKER LISA,2017-4-13
463,216,CARTER DONNA,2017-12-7
464,2166,NEW sanna,2012-7-21
465,2604,PETERSON RAW,2016-7-23
466,2098,LIVE HELP,2016-3-18
467,2266,TURNER QUEEN,2018-12-24
468,1267,SPIDER DONNA,2016-2-5
469,2447,ROBERTS ANGELA,2014-7-14
470,2042,EURO FRANCE,2014-5-9
471,2676,RUSSELL HELP,2013-11-1
472,1818,WEST NO,2020-9-4
473,2749,KING CYNTHIA,2017-7-13
474,908,DRAGULA RING,2012-10-28
475,1720,LUCKY MARGARET,2010-3-8
476,809,CARTER hilwa,2014-8-13
477,147,SMOKE ALEX,2016-1-12
478,399,BAKER DOROTHY,2016-12-11
479,2019,PRICE SARAH,2013-4-20
480,2149,GRIFFIN ELIZABETH,2015-8-26
481,1900,ALEXANDER HELP,2020-8-15
482,2499,JENKINS DOING,2011-11-20
483,2074,WRIGHT RING,2021-10-22
484,1341,ALEXANDER MARGARET,2016-9-18
485,1582,HOPELESS FRANCE,2017-5-27
486,1510,PETERSON GO,2018-8-27
487,200,WOOD ANGELA,2019-8-14
488,603,ALEXANDER KING,2013-6-27
489,628,POLO hilwa,2010-11-19
490,986,RED MARGARET,2017-10-6
491,2629,DIAZ CYNTHIA,2015-9-13
492,817,YOUNG WRONG,2013-2-19
493,125,WRIGHT ANGELA,2016-5-10
494,1435,NEW ALEX,2014-8-12
495,2158,GREEN DOROTHY,2017-3-6
496,1073,HARRIS AMY,2015-9-2
497,1860,ALEXANDER DONNA,2020-11-27
498,140,LUCKY SUSAN,2020-5-13
499,1321,SMOKE CYNTHIA,2016-6-17
500,1133,ROBERTS BLACK,2021-9-25
501,1410,HEAVEN HOPE,2013-3-11
502,424,HOPELESS GO,2017-3-19
503,1230,EUROPE WENT,2015-5-20
504,2265,EUROPE ROW,2018-4-11
505,478,SIMMONS NO,2017-2-5
506,2579,VILLE RING,2011-9-16
507,252,WASHINGTON BRENDA,2011-4-15
508,2587,CHINA WRONG,2013-8-10
509,2039,SEX DONNA,2020-10-15
510,2699,MITCHELL LISA,2017-5-12
511,851,DEAD ALEX,2020-7-4
512,349,LUCK MARGARET,2016-5-3
513,2585,GONZALES KING,2017-11-5
514,13,ROSS DOING,2018-10-25
515,2301,HERNANDEZ SARAH,2017-3-25
516,1196,WELL MARGARET,2016-11-22
517,1179,HENDERSON WRONG,2017-1-7
518,2035,DAVIS WRONG,2019-1-20
519,905,KING QUEEN,2014-2-7
520,1925,PRICE BRENDA,2013-9-17
521,1145,HOPELESS SUSAN,2011-6-20
522,931,WOOD KILL,2019-12-2
523,1240,DRINK DONNA,2013-1-10
524,1363,GONZALES DONNA,2017-7-8
525,1832,MOORE ELIZABETH,2016-6-16
526,2681,POLO YES,2018-6-15
527,2650,GONZALEZ MELISSA,2019-3-18
528,1618,WEMAN BLACK,2018-7-24
529,2204,GRIFFIN MARGARET,2020-1-25
530,228,EDWARDS BLACK,2013-12-27
531,2666,HARRIS RIGHT,2019-8-18
532,1598,RUSSELL QUEEN,2017-2-9
533,2134,HERNANDEZ love,2018-5-8
534,205,MITCHELL BRENDA,2019-7-2
535,907,EAT KING,2015-6-2
536,2079,WILSON ALEX,2019-11-5
537,2563,HILL SARAH,2014-3-5
538,1748,PARKER KING,2011-2-8
539,516,HEAVEN CYNTHIA,2015-7-21
540,2054,FOUR sanna,2010-7-21
541,84,SIX RAW,2013-8-24
542,749,JENKINS KING,2014-5-26
543,860,TURNER YES,2021-10-13
544,344,REY WRONG,2017-11-27
545,2080,CAMPBELL ROW,2011-6-3
546,960,DIAZ QUEEN,2012-12-12
547,2473,WEMAN WENT,2011-1-9
548,685,WRIGHT sanna,2016-2-19
549,58,LOPEZ HELP,2013-1-14
550,1610,DIAZ ELIZABETH,2011-6-1
551,239,FOSTER ALEX,2011-1-27
552,1083,SCOTT KILL,2011-11-7
553,2561,HUGE YES,2017-6-11
554,2745,LOVE ANGELA,2012-8-11
555,338,COLEMAN WITH,2017-12-1
556,958,HELL QUEEN,2018-7-25
557,2331,SEX WENT,2015-11-3
558,1510,LIFE DOROTHY,2018-3-16
559,149,SIMMONS DOROTHY,2021-3-21
560,889,HOPELESS WENT,2016-1-5
561,730,EAT DOROTHY,2017-7-27
562,2696,COLLINS BLACK,2012-12-24
563,958,LION QUEEN,2017-8-2
564,2108,MOORE BLACK,2017-12-5
565,549,PRICE KILL,2020-6-25
566,126,DOLLAR FRANCE,2014-9-17
567,118,GONZALEZ GO,2021-7-9
568,1000,GRIFFIN FRANCE,2014-11-11
569,199,EVIL NO,2013-7-12
570,2565,COLEMAN sanna,2014-2-10
571,657,DIAZ LISA,2016-6-19
572,1207,DAVIS NO,2018-4-16
573,1779,ROBERTS sanna,2012-11-12
574,426,TURNER HELP,2014-9-6
575,1991,FIVE WENT,2013-4-10
576,1556,AFRICA AMY,2012-11-2
577,1289,EURO BRENDA,2019-7-19
578,484,BUTLER sanna,2020-5-20
579,2630,WATSON MELISSA,2018-1-13
580,305,JENKINS RIGHT,2010-5-5
581,1805,HARRIS SUSAN,2015-1-3
582,1778,RUSSELL MARGARET,2018-8-25
583,2079,HEAVEN QUEEN,2016-10-19
584,734,EAT DONNA,2017-8-22
585,1442,HOPELESS sanna,2013-9-1
586,287,HALL WENT,2018-8-12
587,2430,RED BRENDA,2010-12-24
588,635,ROSS SUSAN,2015-1-24
589,1750,DEAD RAW,2021-2-2
590,1377,AFRICA ALEX,2020-6-22
591,1491,WILSON RIGHT,2020-7-23
592,2507,SIX RAW,2015-4-2
593,1409,EUROPE ELIZABETH,2013-2-15
594,1089,ROSS MELISSA,2016-9-27
595,2737,DOLLAR WITH,2011-2-18
596,110,FILM RAW,2020-10-10
597,1183,GREEN love,2019-11-20
598,1302,MOORE RIGHT,2010-7-19
599,569,SCOTT QUEEN,2013-3-11
600,108,COUNTRY ROW,2011-10-16
601,1988,HEAVEN WITH,2019-2-17
602,242,EUROPE DONNA,2019-12-5
603,2725,MILLER SARAH,2015-8-17
604,964,LOVE love,2018-4-7
605,578,CARTER SUSAN,2017-9-3
606,596,PRICE ANGELA,2021-5-14
607,2211,MARTIN sanna,2012-12-25
608,1371,SANDERS GO,2019-1-15
609,1378,HUGE BLACK,2021-10-18
610,2457,PARKER WENT,2010-1-8
611,520,RUSSELL RING,2020-5-23
612,2258,OLD BLACK,2018-11-21
613,2444,HOPELESS YES,2016-9-2
614,269,DEAD KING,2015-9-9
615,694,HALL KILL,2020-7-10
616,823,GONZALEZ hilwa,2014-5-8
617,566,SMOKE NO,2011-8-2
618,1566,DOLLAR RING,2016-6-25
619,2639,SPIDER DOING,2010-9-8
620,2338,HAYES HOPE,2015-5-11
621,2639,HEAVEN HELP,2017-5-2
622,962,ROSS BLACK,2017-1-6
623,1188,OLD WITH,2018-6-24
624,2052,WEST MELISSA,2018-3-11
625,128,WEMAN WENT,2014-6-28
626,270,PETERSON DONNA,2019-4-17
627,1555,EAST HOPE,2018-1-4
628,1772,OLD RING,2012-2-28
629,748,FOUR BRENDA,2013-7-21
630,2700,RUSSELL RAW,2010-9-21
631,2517,FOUR FRANCE,2017-9-13
632,2288,HILL QUEEN,2020-6-18
633,1487,KING SUSAN,2018-2-7
634,951,BOSS hilwa,2013-2-11
635,2280,LOPEZ KILL,2014-1-14
636,209,HOPE LISA,2013-4-10
637,921,LIFE DOROTHY,2020-1-12
638,346,SCOTT FRANCE,2013-11-13
639,2401,LION FRANCE,2018-4-7
640,1668,SANDERS WRONG,2021-1-27
641,1588,WASHINGTON ROW,2020-4-27
642,1255,LOPEZ ALEX,2015-5-10
643,586,WOOD BLACK,2017-6-28
644,1585,MILLER HELP,2021-6-4
645,748,DOLLAR BRENDA,2011-7-3
646,137,NELSON ROW,2014-12-2
647,1777,EDWARDS ROW,2015-6-22
648,319,LOVE sanna,2016-8-10
649,1465,FOUR SUSAN,2015-4-15
650,2149,GONZALEZ ROW,2018-3-27
651,409,DRAGULA AMY,2014-6-7
652,1556,AFRICA CYNTHIA,2010-1-25
653,2465,DIAZ HELP,2018-3-11
654,420,ALEXANDER LISA,2018-11-27
655,338,FOSTER DONNA,2021-10-5
656,2501,MORE hilwa,2020-11-12
657,142,SMOKE WRONG,2020-3-16
658,2412,COUNTRY WENT,2019-4-28
659,2286,RUSSELL DOING,2010-11-19
660,2683,SMOKE AMY,2017-6-17
661,538,PRICE DOROTHY,2014-7-12
662,1795,HOPE ANGELA,2021-9-2
663,923,HALL LISA,2017-1-12
664,65,WOOD RAW,2015-4-19
665,849,WOOD DONNA,2010-3-25
666,1177,FOSTER FRANCE,2019-2-22
667,2520,WILSON QUEEN,2012-7-4
668,2013,MITCHELL FRANCE,2011-7-3
669,24,YOUNG DOING,2017-1-12
670,2700,LOVE MELISSA,2011-3-16
671,1479,BOSS BRENDA,2018-1-25
672,1248,EAT hilwa,2016-4-5
673,2246,EURO BRENDA,2010-2-27
674,636,COUNTRY ALEX,2010-11-4
675,140,PRICE WRONG,2021-7-23
676,1073,EVIL RING,2015-12-6
677,1334,HILL WENT,2015-5-11
678,805,GREEN WITH,2017-7-9
679,2253,MITCHELL MELISSA,2016-7-21
680,40,HOPELESS ANGELA,2015-8-7
681,2516,GONZALES DOING,2020-6-8
682,2545,JENKINS RAW,2017-4-26
683,194,WASHINGTON QUEEN,2010-7-19
684,54,ROBERTS LISA,2021-4-22
685,1664,EAST ANGELA,2010-7-2
686,134,POLO RAW,2019-7-21
687,2022,DRAGULA MARGARET,2019-2-22
688,372,HOPE DOROTHY,2012-1-22
689,1371,SPIDER hilwa,2010-8-5
690,1735,COUNTRY RIGHT,2019-11-4
691,2335,OLD DONNA,2014-2-26
692,2243,WILSON WITH,2011-7-3
693,2000,LION MARGARET,2013-2-9
694,101,BRYANT ANGELA,2019-4-28
695,1445,RED GO,2011-1-15
696,1661,POLO RING,2011-4-7
697,921,WELL CYNTHIA,2015-5-27
698,2398,GREEN ANGELA,2019-12-8
699,461,BAT BLACK,2017-9-5
700,1305,PEREZ BRENDA,2017-2-12
701,1674,BARNES RING,2019-4-12
702,1332,DRAGULA YES,2018-2-9
703,570,RED AMY,2010-7-21
704,422,LUCKY DONNA,2018-1-26
705,545,RUSSELL love,2020-7-23
706,1243,NELSON SARAH,2014-12-22
707,222,COUNTRY RING,2010-9-11
708,1312,MARTIN RAW,2017-6-17
709,2608,COUNTRY NO,2010-7-4
710,788,WEST GO,2011-11-7
711,54,POLO ELIZABETH,2014-3-2
712,1208,EAT BLACK,2018-12-5
713,289,YOUNG ALEX,2011-5-6
714,2695,EUROPE MELISSA,2015-7-17
715,2035,LION FRANCE,2020-11-22
716,2747,ADAMS ROW,2011-10-4
717,1333,FOUR MELISSA,2011-4-27
718,415,SIMMONS SUSAN,2021-1-14
719,883,PARKER MARGARET,2017-11-24
720,165,JENKINS SUSAN,2016-4-3
721,1352,SPIDER QUEEN,2017-7-13
722,1669,HATE RAW,2013-11-1
723,1972,HOPE ALEX,2015-8-7
724,1067,WEMAN SARAH,2012-4-7
725,1294,EVANS QUEEN,2018-12-16
726,422,HENDERSON WENT,2018-11-28
727,2159,HARRIS KILL,2018-5-26
728,553,BARNES MARGARET,2013-3-12
729,1093,DRAGULA HELP,2015-9-26
730,1597,ALEXANDER RAW,2011-8-20
731,1383,ALEXANDER hilwa,2012-12-22
732,92,REY LISA,2012-8-14
733,2266,MILLER WENT,2016-4-27
734,747,HUGE ALEX,2020-8-19
735,1591,WELL AMY,2021-1-16
736,2162,EAST KING,2010-11-26
737,1326,SNAKE CYNTHIA,2011-5-5
738,2255,EDWARDS RIGHT,2018-2-6
739,2112,LOVE YES,2020-9-1
740,138,HELL LISA,2016-8-20
741,1977,LUCK MARGARET,2014-8-26
742,1830,SCOTT WITH,2017-7-20
743,2467,GRAY RIGHT,2019-3-19
744,55,GRAY WRONG,2013-2-24
745,728,WOOD sanna,2020-5-26
746,2537,EVANS SARAH,2021-9-20
747,2167,LUCK RING,2016-8-27
748,364,BAT AMY,2012-8-10
749,2034,EAST DOROTHY,2013-11-6
750,2568,DRAGULA KILL,2010-9-9
751,825,DOLLAR FRANCE,2019-6-17
752,669,AFRICA SUSAN,2010-1-18
753,1046,DRINK RAW,2012-9-21
754,1791,PETERSON LISA,2016-1-4
755,958,HUGE MELISSA,2013-10-10
756,1782,NELSON sanna,2014-1-26
757,1666,NEW NO,2018-2-21
758,1500,BARNES CYNTHIA,2014-4-5
759,1998,GONZALEZ KING,2020-7-13
760,3,POLO MELISSA,2012-9-28
761,978,LUCKY WITH,2019-8-15
762,1778,ALLEN CYNTHIA,2010-6-14
763,807,NEW YES,2012-4-1
764,2179,YOUNG MELISSA,2015-2-26
765,1542,BUTLER YES,2012-6-20
766,2118,WELL ALEX,2018-7-25
767,1364,MITCHELL ANGELA,2010-5-13
768,220,VILLE WENT,2017-6-3
769,158,HENDERSON HELP,2013-6-2
770,1896,HAYES MARGARET,2012-12-15
771,2401,MOORE WENT,2012-11-9
772,1026,CHINA CYNTHIA,2014-7-19
773,649,PARKER FRANCE,2013-8-2
774,1010,HOPE BRENDA,2011-1-24
775,2549,HEAVEN ALEX,2010-1-16
776,1552,POLO BLACK,2020-7-16
777,1549,WEST MARGARET,2018-3-18
778,2554,MARTIN sanna,2014-4-27
779,640,NELSON hilwa,2016-12-20
780,1081,REY love,2013-8-18
781,1484,HENDERSON AMY,2015-8-4
782,2647,TURNER WENT,2017-1-20
783,1148,WASHINGTON love,2011-2-24
784,2179,POLO love,2014-4-2
785,1224,WELL HELP,2018-2-1
786,939,SCOTT DOING,2018-12-6
787,653,BUTLER ROW,2014-1-4
788,2571,NEW hilwa,2018-5-26
789,2402,CHINA MARGARET,2021-4-7
790,1977,PEREZ FRANCE,2012-9-14
791,618,CAMPBELL LISA,2018-3-12
792,2006,ROBERTS DONNA,2017-5-23
793,414,WELL KILL,2010-9-26
794,2697,HARRIS CYNTHIA,2016-3-26
795,1488,HARRIS MARGARET,2011-4-8
796,265,WATSON BLACK,2020-5-25
797,1985,WRIGHT DOROTHY,2018-5-14
798,1322,ROBERTS BRENDA,2012-10-5
799,1660,KING ANGELA,2015-4-2
800,1946,HERNANDEZ MARGARET,2017-5-20
801,2485,LION WRONG,2016-9-16
802,1309,BARNES HELP,2012-6-22
803,872,BRYANT KILL,2019-6-26
804,2055,FILM RIGHT,2011-1-15
805,2642,KING YES,2019-8-16
806,2658,COLEMAN sanna,2011-11-22
807,1207,EAT SUSAN,2015-10-23
808,481,HILL LISA,2018-7-13
809,704,PHILLIPS KING,2014-4-2
810,1914,SIX SARAH,2017-11-5
811,989,HERNANDEZ YES,2019-12-20
812,1465,MOORE KILL,2013-11-13
813,1816,HARRIS HOPE,2016-8-9
814,2509,EURO SUSAN,2016-11-16
815,1859,LIVE QUEEN,2019-12-8
816,2023,AFRICA KING,2015-4-5
817,2416,WRIGHT SUSAN,2015-10-19
818,1208,EURO sanna,2014-8-3
819,1085,JENKINS NO,2014-12-13
820,507,SCOTT ALEX,2016-9-20
821,2438,CHINA love,2019-2-27
822,1432,AFRICA WENT,2020-6-3
823,172,LUCK sanna,2019-10-8
824,548,NELSON BRENDA,2011-6-14
825,2354,FILM RING,2015-12-17
826,2163,ILL KING,2020-8-2
827,1259,PHILLIPS ROW,2014-11-15
828,2189,DIAZ NO,2014-4-16
829,1158,PHILLIPS KILL,2018-6-5
830,1002,HELL MELISSA,2017-2-17
831,1809,GONZALEZ WITH,2020-10-9
832,1410,DEAD DOROTHY,2018-7-27
833,92,SMOKE FRANCE,2011-6-5
834,1154,REY HELP,2019-12-1
835,72,HENDERSON QUEEN,2010-11-8
836,2538,WATSON WRONG,2013-11-5
837,1290,SPIDER AMY,2011-2-6
838,1660,LION SARAH,2011-11-13
839,554,BUTLER BRENDA,2018-2-18
840,1025,DAVIS love,2018-7-6
841,1856,GREEN YES,2015-8-18
842,1975,FOUR love,2016-4-25
843,1136,CARTER GO,2019-4-8
844,1373,RUSSELL YES,2010-4-14
845,2725,GRAY MELISSA,2014-11-13
846,1034,WEST GO,2017-9-13
847,726,COLLINS RING,2014-8-16
848,1940,SEX KING,2010-2-14
849,464,WRIGHT QUEEN,2013-6-15
850,691,DRAGULA GO,2010-9-19
851,1591,EVIL RING,2017-11-8
852,1374,TURNER HOPE,2020-2-8
853,464,BRYANT HOPE,2017-1-26
854,41,WRIGHT KING,2020-6-26
855,1430,WEMAN LISA,2017-8-15
856,2597,FOUR BRENDA,2013-10-15
857,1405,AFRICA DOING,2014-3-3
858,2193,LUCKY KILL,2018-2-26
859,1431,SMOKE NO,2016-6-9
860,1917,MAN DONNA,2018-12-14
861,2151,BARNES ANGELA,2015-1-10
862,1166,NELSON love,2012-8-9
863,683,SEX ANGELA,2018-12-4
864,2489,GRIFFIN WRONG,2012-10-23
865,50,DAVIS FRANCE,2010-1-21
866,1244,EUROPE LISA,2012-8-20
867,1097,YOUNG RING,2013-8-13
868,1000,SEX WRONG,2011-9-13
869,1796,WEMAN SARAH,2020-1-13
870,2171,JENKINS WITH,2015-7-12
871,1554,WATSON CYNTHIA,2020-9-19
872,2359,DEAD WENT,2020-11-6
873,2255,EVANS ALEX,2021-4-2
874,996,HUGE ALEX,2012-3-12
875,1559,FIVE QUEEN,2016-10-12
876,2370,MORE BRENDA,2013-5-26
877,484,EVANS ELIZABETH,2010-9-9
878,733,GREEN YES,2017-11-10
879,1800,WASHINGTON MARGARET,2019-2-25
880,1347,SANDERS love,2019-4-26
881,2151,MOORE WENT,2017-2-15
882,49,SANDERS HOPE,2018-9-28
883,1250,MAN ROW,2014-11-5
884,1514,ILL RAW,2014-12-9
885,976,HOPE ALEX,2020-12-23
886,1532,RED ELIZABETH,2012-2-1
887,529,SIMMONS DOING,2014-1-14
888,1975,OLD RIGHT,2013-7-11
889,914,BARNES SARAH,2016-6-5
890,1597,GRAY DOING,2011-9-22
891,275,ALLEN CYNTHIA,2014-3-9
892,100,LIFE ROW,2014-2-24
893,417,FOUR SUSAN,2010-5-12
894,1888,OLD ELIZABETH,2012-2-12
895,1890,BRYANT sanna,2019-3-18
896,158,PHILLIPS WENT,2021-9-24
897,1752,BAT MARGARET,2020-11-22
898,590,SIX WITH,2015-6-9
899,770,MITCHELL DONNA,2018-5-5
900,527,REY DONNA,2015-5-21
901,2104,VILLE HOPE,2019-8-17
902,1823,EURO DOROTHY,2010-9-17
903,2283,WEMAN LISA,2017-7-17
904,2225,HOPELESS AMY,2021-10-5
905,773,OLD ROW,2014-12-8
906,36,JENKINS SUSAN,2019-12-21
907,1449,SIX NO,2019-8-7
908,2275,TURNER RING,2017-4-3
909,1548,EDWARDS BRENDA,2011-12-13
910,2120,EDWARDS DOING,2012-12-26
911,902,MAN RING,2013-11-19
912,2659,PHILLIPS KING,2019-6-11
913,2067,SANDERS BRENDA,2016-6-20
914,1214,ILL sanna,2019-10-5
915,897,VILLE WRONG,2017-7-18
916,1637,WRIGHT NO,2017-1-16
917,921,MOORE ELIZABETH,2013-5-21
918,1421,YOUNG MARGARET,2021-12-6
919,2561,COLEMAN FRANCE,2020-7-16
920,1590,EDWARDS ANGELA,2019-6-1
921,802,LIFE WRONG,2017-1-14
922,67,NELSON LISA,2011-1-17
923,934,BARNES AMY,2012-4-8
924,123,BAT hilwa,2021-10-11
925,158,HEAVEN ELIZABETH,2016-12-4
926,188,BOSS hilwa,2018-3-16
927,1149,HENDERSON BLACK,2011-8-9
928,53,ROBERTS MELISSA,2011-2-14
929,1859,NEW GO,2015-9-4
930,693,EDWARDS ELIZABETH,2018-1-3
931,2378,DIAZ KING,2010-10-14
932,2252,RED HOPE,2017-10-11
933,533,DAVIS FRANCE,2011-8-28
934,992,WEST KILL,2016-1-26
935,2223,MOORE KING,2016-11-7
936,2128,LUCKY GO,2018-6-24
937,1998,LIVE DOING,2014-12-11
938,1298,GONZALES FRANCE,2014-4-10
939,972,HOPE YES,2014-12-2
940,1013,EAT KILL,2011-8-14
941,2671,MAN hilwa,2014-9-6
942,423,EURO MELISSA,2012-8-6
943,2661,EDWARDS MELISSA,2013-5-7
944,1196,EVIL ELIZABETH,2019-2-7
945,651,GRAY hilwa,2020-2-3
946,1600,GREEN DOROTHY,2010-6-9
947,1631,FOUR ANGELA,2015-5-17
948,1850,KING HOPE,2018-2-26
949,2353,WASHINGTON SARAH,2019-11-12
950,1095,WOOD ALEX,2016-6-22
951,130,HOPELESS DOING,2010-2-22
952,1374,HILL BLACK,2015-3-13
953,103,BARNES SUSAN,2021-5-28
954,1594,WATSON YES,2019-2-13
955,2322,SIX FRANCE,2016-7-23
956,256,SIX sanna,2017-2-14
957,157,COLLINS RING,2011-11-6
958,2364,YOUNG WITH,2015-5-23
959,1268,LOPEZ GO,2020-7-7
960,586,PHILLIPS RIGHT,2012-1-14
961,915,LOVE BLACK,2018-4-17
962,1738,EDWARDS SARAH,2016-1-17
963,86,GREEN RAW,2012-2-10
964,2181,VILLE CYNTHIA,2019-6-8
965,2143,WEMAN RING,2012-11-18
966,2011,HELL ANGELA,2019-3-5
967,1334,SANDERS hilwa,2014-11-16
968,2637,YOUNG WITH,2017-8-12
969,1647,RED sanna,2012-1-26
970,2045,TURNER RAW,2020-1-27
971,2390,GRIFFIN DOING,2019-2-11
972,2686,LOPEZ ANGELA,2014-10-21
973,1746,MORE SARAH,2017-4-2
974,2399,BRYANT RAW,2020-4-11
975,488,REY HOPE,2013-5-10
976,83,TURNER LISA,2015-2-8
977,815,DAVIS WENT,2014-6-7
978,912,HALL hilwa,2020-5-13
979,1375,PEREZ sanna,2015-5-1
980,628,CAMPBELL KILL,2015-9-9
981,2263,YOUNG WITH,2015-12-18
982,184,WEST MELISSA,2012-9-26
983,56,HELL QUEEN,2017-9-14
984,947,JENKINS AMY,2021-5-14
985,572,HALL HOPE,2021-2-24
986,2487,MAN KING,2016-7-20
987,107,WILSON ANGELA,2014-9-27
988,2404,MAN love,2015-9-6
989,556,HENDERSON WITH,2019-7-1
990,1352,DOLLAR SUSAN,2015-6-25
991,1922,MITCHELL love,2010-4-17
992,288,DRAGULA DOROTHY,2012-11-5
993,761,DAVIS ROW,2011-5-16
994,997,SNAKE MELISSA,2011-7-6
995,1104,WEMAN GO,2012-5-5
996,344,DOLLAR MELISSA,2019-12-6
997,2622,DOLLAR DONNA,2017-8-10
998,2411,GONZALES HOPE,2018-12-1
999,246,HELL AMY,2019-9-28
1000,844,LIVE HELP,2017-7-19
1001,164,PRICE BLACK,2017-5-22
1002,1830,FILM sanna,2018-4-9
1003,1215,EVANS love,2020-1-7
1004,2556,ALLEN BLACK,2013-9-15
1005,2362,LION ROW,2014-1-28
1006,8,CHINA GO,2013-9-19
1007,1734,YOUNG KILL,2020-10-4
1008,1008,LUCKY AMY,2021-9-17
1009,1467,CAMPBELL DOROTHY,2020-12-6
1010,2625,ALEXANDER ELIZABETH,2021-10-6
1011,1391,DEAD KILL,2017-5-15
1012,964,SCOTT KILL,2020-2-22
1013,1739,WEST BLACK,2012-3-17
1014,2306,FOSTER FRANCE,2021-3-24
1015,2053,FOUR MARGARET,2017-6-28
1016,2115,GONZALEZ KILL,2018-5-10
1017,1413,WILSON hilwa,2014-5-21
1018,34,LIVE DONNA,2010-11-28
1019,2146,VILLE KING,2018-10-26
1020,2439,DOLLAR RAW,2015-2-20
1021,2616,JENKINS NO,2010-3-20
1022,1544,MOORE RIGHT,2013-2-12
1023,1573,LUCKY sanna,2011-7-12
1024,2586,PARKER DOROTHY,2020-10-5
1025,821,EAST AMY,2019-6-10
1026,1500,CHINA YES,2015-2-3
1027,885,BAKER BLACK,2015-6-23
1028,2500,BAKER ANGELA,2015-4-16
1029,780,DEAD BLACK,2018-11-25
1030,594,RUSSELL HOPE,2012-8-23
1031,1044,FOSTER KILL,2017-6-14
1032,1616,AFRICA sanna,2012-3-7
1033,1194,WEMAN WENT,2012-12-11
1034,2577,GONZALEZ YES,2012-9-7
1035,2466,RED ANGELA,2017-10-22
1036,1103,PHILLIPS BRENDA,2013-5-19
1037,228,WILSON SARAH,2013-2-12
1038,701,EUROPE NO,2014-9-1
1039,413,COUNTRY SUSAN,2015-8-18
1040,932,DRAGULA BRENDA,2012-7-9
1041,630,TURNER KING,2017-10-18
1042,1619,RUSSELL YES,2010-3-4
1043,107,GREEN NO,2020-9-12
1044,389,DIAZ DOING,2019-10-16
1045,2696,WASHINGTON RING,2014-5-28
1046,295,LOVE YES,2021-12-17
1047,424,RED FRANCE,2010-4-3
1048,2177,SPIDER WITH,2010-4-2
1049,1148,FILM MELISSA,2019-5-5
1050,2120,SNAKE CYNTHIA,2014-7-3
1051,292,LION AMY,2012-8-27
1052,78,WASHINGTON DOROTHY,2010-11-22
1053,1427,PRICE LISA,2013-6-5
1054,1458,BUTLER BLACK,2014-5-16
1055,44,FOSTER hilwa,2020-9-6
1056,2727,SEX ALEX,2014-12-17
1057,1276,MOORE ROW,2021-2-24
1058,982,LOPEZ ROW,2013-5-5
1059,1248,LIVE SUSAN,2013-11-12
1060,1904,HELL ELIZABETH,2017-2-28
1061,545,HERNANDEZ hilwa,2020-12-26
1062,1261,AFRICA HELP,2021-8-12
1063,2423,ROBERTS DONNA,2016-6-28
1064,1699,HOPELESS WENT,2010-9-4
1065,2195,DIAZ RIGHT,2021-3-12
1066,27,FOSTER MARGARET,2021-5-25
1067,418,HALL YES,2014-8-8
1068,1600,GRAY RING,2013-12-7
1069,341,DAVIS ALEX,2010-9-6
1070,2224,WRIGHT ANGELA,2014-5-1
1071,1231,EVANS RAW,2017-2-20
1072,1033,ROBERTS YES,2016-2-3
1073,127,COLEMAN KING,2021-7-12
1074,1924,SCOTT LISA,2012-4-24
1075,2119,LION RING,2012-10-26
1076,380,BRYANT BLACK,2021-3-8
1077,1850,KING BRENDA,2011-4-23
1078,22,WEST SARAH,2020-4-16
1079,46,GRIFFIN DOING,2011-12-12
1080,466,HARRIS BRENDA,2016-12-26
1081,106,MORE FRANCE,2018-11-13
1082,2222,GONZALEZ ELIZABETH,2020-11-24
1083,668,POLO QUEEN,2019-1-7
1084,264,HELL love,2015-8-19
1085,1410,BUTLER AMY,2010-8-3
1086,1510,WILSON HELP,2012-4-28
1087,843,PHILLIPS WITH,2020-8-10
1088,991,SMOKE hilwa,2020-10-27
1089,1651,WASHINGTON ANGELA,2020-11-25
1090,147,VILLE WENT,2016-10-22
1091,684,SIX BLACK,2011-6-3
1092,1616,SIMMONS GO,2013-5-8
1093,1901,WEMAN ALEX,2019-3-6
1094,1097,CAMPBELL DOROTHY,2016-5-18
1095,1908,HUGE MARGARET,2017-10-6
1096,313,GRIFFIN RAW,2017-9-24
1097,1191,HELL MELISSA,2016-9-20
1098,1925,FOSTER RIGHT,2019-1-8
1099,1403,BARNES BRENDA,2010-9-28
1100,30,GONZALES SUSAN,2012-12-24
1101,1349,BAT CYNTHIA,2019-6-6
1102,1017,PEREZ QUEEN,2014-3-12
1103,1437,ALLEN hilwa,2013-3-23
1104,1292,WEST FRANCE,2014-4-17
1105,1695,JENKINS HELP,2013-12-5
1106,1496,DEAD SUSAN,2021-12-2
1107,667,FILM AMY,2019-1-1
1108,1459,HUGE RING,2020-11-7
1109,1645,MOORE KILL,2018-9-7
1110,1433,SIX ANGELA,2014-11-13
1111,544,MARTIN NO,2011-8-28
1112,2576,GONZALEZ RIGHT,2018-1-5
1113,2260,HERNANDEZ SUSAN,2010-5-13
1114,911,PHILLIPS WENT,2016-3-7
1115,1712,DOLLAR SUSAN,2011-4-17
1116,422,GRAY SUSAN,2015-3-2
1117,1490,YOUNG NO,2019-3-18
1118,1778,ILL sanna,2011-4-24
1119,297,PARKER SUSAN,2016-11-19
1120,598,COLLINS ELIZABETH,2019-5-5
1121,633,CARTER ROW,2013-10-16
1122,381,SCOTT HELP,2017-8-28
1123,339,MAN FRANCE,2020-8-15
1124,1666,YOUNG SUSAN,2010-12-8
1125,658,FIVE DONNA,2012-6-26
1126,1274,GONZALEZ LISA,2015-4-17
1127,1393,WOOD KILL,2018-9-12
1128,345,COUNTRY DOROTHY,2021-4-27
1129,803,LIFE ELIZABETH,2018-5-2
1130,2212,SEX MELISSA,2010-4-1
1131,1660,YOUNG KILL,2013-3-12
1132,2657,KING RIGHT,2018-10-1
1133,1402,POLO DOROTHY,2017-12-8
1134,2160,JENKINS DOROTHY,2012-12-2
1135,702,ALLEN WRONG,2016-8-3
1136,353,BAKER WRONG,2014-6-3
1137,1239,SEX ROW,2010-10-4
1138,2497,COLLINS sanna,2012-9-1
1139,2679,DRINK SARAH,2010-8-23
1140,1207,BARNES KING,2012-4-26
1141,1220,PRICE HELP,2020-11-14
1142,2042,LUCK CYNTHIA,2012-4-16
1143,982,COLLINS BRENDA,2012-9-14
1144,2288,PETERSON MARGARET,2020-2-27
1145,1080,COUNTRY BRENDA,2019-4-16
1146,2273,MORE ALEX,2012-10-3
1147,1454,HELL ALEX,2010-7-16
1148,2196,BAKER love,2019-7-25
1149,2000,DIAZ KING,2018-6-21
1150,2007,KING RING,2017-10-21
1151,565,HOPELESS hilwa,2017-6-7
1152,304,FOSTER ROW,2018-1-2
1153,747,COLEMAN ELIZABETH,2018-2-19
1154,727,HERNANDEZ SUSAN,2011-10-25
1155,1379,JENKINS KING,2012-6-15
1156,10,TURNER sanna,2013-1-25
1157,2722,GRAY RING,2013-6-21
1158,740,DRAGULA SUSAN,2013-7-3
1159,1524,PETERSON GO,2014-1-26
1160,2303,DRINK CYNTHIA,2016-11-14
1161,605,VILLE DONNA,2019-5-7
1162,2047,LUCK BLACK,2014-8-1
1163,578,COLEMAN WRONG,2021-8-17
1164,1588,ILL QUEEN,2021-6-17
1165,1032,HUGE BLACK,2016-10-7
1166,1965,RED LISA,2019-10-12
1167,2239,PEREZ RIGHT,2016-6-5
1168,1820,BUTLER HELP,2020-2-17
1169,535,WRIGHT WRONG,2016-9-14
1170,1854,LOVE CYNTHIA,2012-11-8
1171,476,TURNER LISA,2017-2-19
1172,1313,FILM RING,2013-6-21
1173,1943,REY YES,2013-10-23
1174,2366,PEREZ MARGARET,2020-11-24
1175,1066,TURNER AMY,2018-8-19
1176,606,DRINK love,2018-8-18
1177,1704,COLLINS BRENDA,2016-1-6
1178,88,HOPE KING,2017-1-20
1179,135,SNAKE NO,2012-6-11
1180,564,JENKINS RING,2017-7-1
1181,2397,WEST ELIZABETH,2011-1-9
1182,365,GONZALES SUSAN,2018-11-11
1183,244,MAN GO,2013-12-9
1184,1221,NELSON WRONG,2018-3-20
1185,226,NEW KILL,2017-7-1
1186,2438,ROBERTS MARGARET,2015-3-19
1187,1968,DOLLAR FRANCE,2011-5-14
1188,668,SIMMONS SARAH,2019-4-24
1189,692,WELL LISA,2018-5-26
1190,2517,LUCKY NO,2013-6-10
1191,2625,FIVE RAW,2019-5-13
1192,1330,HAYES RIGHT,2018-2-21
1193,2342,RUSSELL WENT,2010-2-25
1194,742,ROBERTS KING,2018-11-10
1195,898,EDWARDS HELP,2013-11-10
1196,2586,LOVE DONNA,2021-11-1
1197,2002,HARRIS BRENDA,2013-5-24
1198,2705,JENKINS DONNA,2020-10-2
1199,1545,TURNER DOROTHY,2011-5-9
1200,2349,JENKINS MELISSA,2012-1-10
1201,1154,MILLER FRANCE,2015-12-6
1202,64,HARRIS WITH,2014-11-20
1203,2310,NELSON SUSAN,2015-2-7
1204,2610,GONZALES MELISSA,2020-2-26
1205,2289,MOORE LISA,2010-12-14
1206,539,EAT MARGARET,2019-3-5
1207,1839,HELL BRENDA,2021-6-20
1208,1482,DAVIS RIGHT,2013-2-5
1209,447,HERNANDEZ ELIZABETH,2020-10-12
1210,157,LUCKY DOROTHY,2018-10-6
1211,1470,EUROPE WRONG,2010-3-13
1212,2387,HATE HELP,2014-2-24
1213,1846,DAVIS RIGHT,2013-8-8
1214,2373,BRYANT KILL,2018-9-28
1215,1007,DAVIS ROW,2011-7-5
1216,411,MORE QUEEN,2014-1-2
1217,826,DRAGULA RIGHT,2013-2-19
1218,2222,ADAMS GO,2011-6-1
1219,1393,DRAGULA MELISSA,2021-12-26
1220,2653,WELL CYNTHIA,2021-4-19
1221,579,FOSTER NO,2021-6-28
1222,603,WEMAN RING,2021-4-1
1223,7,BARNES hilwa,2016-2-13
1224,977,COUNTRY BRENDA,2012-2-6
1225,2709,VILLE BRENDA,2017-10-27
1226,198,HELL SARAH,2012-9-7
1227,1575,DIAZ WITH,2014-11-3
1228,5,RED DONNA,2010-7-8
1229,2075,BARNES love,2012-6-21
1230,400,FOUR HOPE,2015-4-28
1231,329,WRIGHT DOING,2015-11-1
1232,1924,AFRICA GO,2011-2-23
1233,595,ALEXANDER WRONG,2017-9-6
1234,2357,LUCKY FRANCE,2010-2-10
1235,47,SPIDER SARAH,2011-8-18
1236,121,LOPEZ MARGARET,2012-7-16
1237,839,WATSON hilwa,2020-5-28
1238,48,RED RING,2016-6-10
1239,1346,EVIL ELIZABETH,2010-11-16
1240,430,HEAVEN LISA,2012-4-18
1241,1320,HATE love,2012-1-6
1242,754,DIAZ ROW,2015-11-14
1243,823,LOPEZ SARAH,2020-1-27
1244,1879,TURNER love,2016-10-24
1245,2166,NELSON sanna,2011-5-4
1246,1012,LUCK SUSAN,2016-11-11
1247,803,EUROPE KING,2011-2-19
1248,318,SIMMONS CYNTHIA,2011-6-2
1249,1718,EVANS QUEEN,2014-11-4
1250,2676,GONZALEZ GO,2015-9-20
1251,1033,SMOKE LISA,2013-12-18
1252,1455,PARKER love,2011-7-9
1253,1575,EAT RAW,2015-2-1
1254,949,LIFE ANGELA,2011-9-24
1255,141,HARRIS WRONG,2012-10-20
1256,2291,MAN YES,2019-2-28
1257,277,WELL HOPE,2010-10-27
1258,1705,AFRICA MARGARET,2016-11-10
1259,1546,HEAVEN LISA,2014-6-3
1260,359,VILLE FRANCE,2012-8-1
1261,1667,SANDERS YES,2015-11-1
1262,2091,WILSON YES,2016-4-16
1263,1133,DIAZ ANGELA,2011-10-20
1264,1124,BRYANT MARGARET,2018-8-17
1265,2643,HILL MELISSA,2010-4-25
1266,1919,BAT ALEX,2017-5-8
1267,88,LOVE WITH,2015-3-9
1268,1143,EVIL WITH,2015-5-9
1269,2712,HENDERSON sanna,2010-1-6
1270,1704,EUROPE WITH,2021-9-18
1271,2368,HOPE ALEX,2019-6-6
1272,788,SANDERS love,2020-5-12
1273,2108,BOSS YES,2017-3-7
1274,522,WOOD ALEX,2019-6-14
1275,1582,HATE SARAH,2010-6-23
1276,691,HOPELESS ELIZABETH,2016-3-21
1277,1309,JENKINS DOING,2015-6-6
1278,2501,POLO KING,2021-7-18
1279,2714,POLO RAW,2020-2-2
1280,2264,PHILLIPS WITH,2017-8-20
1281,1691,AFRICA WENT,2016-7-14
1282,379,COLLINS SARAH,2017-6-26
1283,2062,BARNES hilwa,2013-5-23
1284,2323,AFRICA FRANCE,2020-4-18
1285,2486,ALLEN SUSAN,2018-3-15
1286,1279,PEREZ KILL,2021-10-16
1287,2670,GREEN ANGELA,2017-3-28
1288,2729,WRIGHT YES,2013-9-16
1289,2680,MARTIN DOROTHY,2014-2-4
1290,2027,GREEN HOPE,2014-3-7
1291,638,BOSS RAW,2010-12-15
1292,269,EURO YES,2018-12-16
1293,1761,POLO ANGELA,2017-9-21
1294,586,FILM FRANCE,2018-12-20
1295,2187,PETERSON MELISSA,2012-8-21
1296,2098,CHINA HELP,2012-2-19
1297,1939,MORE FRANCE,2015-11-6
1298,2000,POLO MELISSA,2013-7-6
1299,1354,WELL DONNA,2012-4-27
1300,1121,KING YES,2018-5-18
1301,225,OLD ALEX,2021-3-3
1302,756,HENDERSON SUSAN,2010-12-23
1303,2401,REY ELIZABETH,2017-7-9
1304,2286,DRAGULA KILL,2018-8-14
1305,323,KING ROW,2020-12-10
1306,408,MARTIN love,2019-5-20
1307,1681,DEAD WENT,2018-1-22
1308,2525,COLEMAN CYNTHIA,2016-10-20
1309,2168,JENKINS BRENDA,2014-7-12
1310,1962,DAVIS RIGHT,2013-10-5
1311,1602,KING MELISSA,2019-3-27
1312,2582,FOSTER hilwa,2020-9-18
1313,2547,ILL KING,2019-9-13
1314,2271,WATSON ELIZABETH,2016-6-9
1315,1190,HELL MARGARET,2020-3-8
1316,2591,FIVE AMY,2013-8-19
1317,2065,FOSTER BLACK,2012-9-2
1318,1293,BAKER QUEEN,2020-1-10
1319,110,HUGE DONNA,2016-4-16
1320,966,WATSON RIGHT,2010-4-14
1321,1632,AFRICA BLACK,2021-12-7
1322,1177,RED love,2018-3-9
1323,523,EVANS RAW,2020-3-26
1324,1899,MILLER GO,2017-2-18
1325,2542,ALLEN WITH,2017-3-25
1326,575,MARTIN GO,2020-6-21
1327,715,COLLINS ANGELA,2013-1-26
1328,1213,ALEXANDER CYNTHIA,2013-10-18
1329,2404,CARTER LISA,2021-8-22
1330,971,GREEN AMY,2017-9-17
1331,2038,SANDERS SUSAN,2021-4-28
1332,1,COLLINS DOROTHY,2010-8-25
1333,955,BOSS GO,2010-2-7
1334,1805,CHINA DOROTHY,2017-3-26
1335,640,HAYES AMY,2021-7-4
1336,2577,BAKER NO,2020-2-27
1337,861,DRAGULA NO,2011-7-14
1338,2020,MITCHELL ANGELA,2020-6-15
1339,1975,LUCK RING,2013-2-11
1340,856,WATSON RAW,2010-4-19
1341,816,LOVE CYNTHIA,2012-12-10
1342,952,CARTER QUEEN,2013-2-17
1343,249,DRAGULA RIGHT,2013-9-10
1344,2051,DIAZ MELISSA,2011-5-10
1345,2612,WASHINGTON ROW,2014-8-5
1346,1842,MOORE DONNA,2011-3-13
1347,736,WOOD YES,2018-6-21
1348,1412,BUTLER FRANCE,2017-10-14
1349,2000,LIVE sanna,2011-2-10
1350,2532,WELL MARGARET,2014-12-13
1351,591,DIAZ love,2012-10-27
1352,243,MITCHELL BLACK,2013-4-27
1353,1792,HUGE WITH,2020-5-18
1354,1042,WELL hilwa,2014-7-18
1355,25,GRAY love,2017-4-11
1356,1735,EURO QUEEN,2021-12-28
1357,2106,PEREZ KILL,2012-11-18
1358,1201,RED ELIZABETH,2020-2-20
1359,587,ROSS DONNA,2020-6-15
1360,27,EAST KING,2021-6-3
1361,1568,MITCHELL KILL,2015-2-17
1362,2164,EUROPE sanna,2013-2-7
1363,1304,LIFE SUSAN,2021-12-8
1364,1488,CARTER RIGHT,2013-9-26
1365,1902,GRAY YES,2017-9-20
1366,278,CAMPBELL KING,2012-4-27
1367,581,PEREZ DONNA,2015-11-14
1368,150,ADAMS ANGELA,2012-7-9
1369,306,GONZALEZ hilwa,2011-11-13
1370,1002,SIX SUSAN,2015-8-3
1371,571,DEAD LISA,2010-9-17
1372,548,HOPELESS KILL,2014-2-24
1373,171,LOPEZ GO,2014-3-8
1374,1269,NEW MARGARET,2018-9-26
1375,1074,LOPEZ CYNTHIA,2020-4-1
1376,2642,BAKER hilwa,2014-10-6
1377,2090,BRYANT WENT,2016-5-9
1378,573,LION RIGHT,2010-8-17
1379,1660,MARTIN DOROTHY,2018-9-5
1380,1077,LIFE FRANCE,2019-5-6
1381,822,GRAY QUEEN,2017-10-23
1382,2073,VILLE RAW,2020-7-5
1383,814,WRIGHT ELIZABETH,2011-4-27
1384,1007,GRIFFIN HELP,2017-5-7
1385,1160,DIAZ RING,2010-10-16
1386,1670,DRAGULA HELP,2010-3-3
1387,840,HELL NO,2019-1-14
1388,408,COUNTRY WENT,2020-9-25
1389,2197,FOUR WRONG,2010-10-26
1390,119,EDWARDS YES,2015-9-19
1391,834,WEST SARAH,2016-5-15
1392,2722,DIAZ RAW,2020-12-5
1393,2014,GRAY love,2017-8-4
1394,2088,MAN HELP,2012-2-9
1395,2004,REY love,2018-12-15
1396,2268,SCOTT KING,2014-5-4
1397,593,AFRICA WITH,2017-8-1
1398,1507,BAT ALEX,2021-5-10
1399,853,GONZALEZ ANGELA,2012-10-28
1400,200,DIAZ RIGHT,2020-7-22
1401,812,TURNER CYNTHIA,2016-2-2
1402,1207,VILLE KILL,2020-9-20
1403,102,ROBERTS HOPE,2017-7-8
1404,2449,EDWARDS SUSAN,2020-9-1
1405,2492,WEST BRENDA,2014-2-21
1406,2467,MILLER WRONG,2019-9-12
1407,211,MILLER HELP,2021-11-3
1408,2284,KING CYNTHIA,2019-3-20
1409,565,ALEXANDER WRONG,2013-11-17
1410,2088,SEX WENT,2020-9-22
1411,911,BUTLER MELISSA,2021-3-11
1412,1216,SANDERS RAW,2012-8-10
1413,2301,PRICE YES,2012-11-2
1414,904,MILLER WRONG,2018-7-9
1415,390,DOLLAR BLACK,2010-1-28
1416,1577,CARTER KING,2013-1-27
1417,2424,CAMPBELL SARAH,2017-6-9
1418,2339,DIAZ KING,2016-7-6
1419,174,WILSON HOPE,2010-4-7
1420,749,BUTLER GO,2013-10-20
1421,1045,EVANS BLACK,2019-6-25
1422,874,HELL AMY,2020-7-27
1423,2736,DEAD RING,2017-3-10
1424,1274,EDWARDS hilwa,2017-10-14
1425,2322,WOOD ELIZABETH,2011-11-7
1426,2630,SCOTT LISA,2016-8-1
1427,593,WASHINGTON QUEEN,2013-10-8
1428,941,DEAD DOROTHY,2012-12-27
1429,1457,DIAZ HELP,2020-1-15
1430,1248,WOOD AMY,2011-1-9
1431,565,WATSON NO,2021-3-8
1432,1815,WEST SARAH,2021-2-12
1433,1627,KING WENT,2021-9-7
1434,2302,MORE WENT,2011-4-28
1435,1593,SIX HELP,2012-11-2
1436,973,HARRIS FRANCE,2020-9-7
1437,1291,COLLINS DONNA,2016-9-21
1438,2081,SANDERS love,2015-12-21
1439,1830,DRINK sanna,2011-5-10
1440,605,COLEMAN NO,2020-8-18
1441,513,LION DOING,2015-6-15
1442,1966,PEREZ love,2020-12-14
1443,1940,DAVIS KILL,2012-8-4
1444,2666,OLD HELP,2013-6-1
1445,2534,BOSS YES,2018-3-12
1446,1403,BAKER YES,2010-12-13
1447,1742,WRIGHT YES,2020-2-7
1448,858,SCOTT NO,2012-5-23
1449,814,JENKINS LISA,2014-4-20
1450,2323,WELL AMY,2015-4-19
1451,2309,JENKINS CYNTHIA,2021-1-28
1452,1106,HOPE SARAH,2015-10-5
1453,1366,ILL DOROTHY,2016-10-15
1454,1365,COUNTRY BRENDA,2019-1-3
1455,1996,PETERSON ANGELA,2019-9-11
1456,841,VILLE ELIZABETH,2010-1-18
1457,1300,COUNTRY CYNTHIA,2016-3-22
1458,2631,GONZALEZ DOING,2015-6-28
1459,289,GRIFFIN KILL,2014-5-26
1460,1851,GONZALES QUEEN,2016-9-24
1461,433,BOSS ANGELA,2013-3-2
1462,1712,MOORE hilwa,2019-1-17
1463,1954,REY AMY,2019-5-12
1464,1391,SEX GO,2020-9-13
1465,774,HILL ROW,2015-10-10
1466,2295,MORE KILL,2016-10-14
1467,1238,WILSON sanna,2010-3-10
1468,468,NEW SARAH,2018-4-10
1469,2722,PEREZ DOROTHY,2020-6-3
1470,2019,ADAMS SUSAN,2012-2-26
1471,919,BUTLER ALEX,2019-5-3
1472,1402,SEX CYNTHIA,2010-5-26
1473,341,BARNES FRANCE,2013-3-20
1474,1220,HUGE DOING,2016-12-14
1475,1439,BARNES KING,2012-3-23
1476,1220,COLEMAN DONNA,2016-5-3
1477,2159,MAN ALEX,2013-11-8
1478,1958,HEAVEN ELIZABETH,2011-3-27
1479,329,PETERSON RING,2020-11-26
1480,1443,DOLLAR HOPE,2020-1-7
1481,2579,YOUNG DOING,2018-8-17
1482,579,WASHINGTON BLACK,2017-3-20
1483,2411,GONZALEZ DONNA,2010-4-2
1484,1633,HAYES CYNTHIA,2013-8-3
1485,121,HENDERSON WRONG,2012-12-3
1486,2554,LUCKY QUEEN,2016-9-27
1487,1244,HELL DOING,2015-5-19
1488,667,RED CYNTHIA,2019-3-25
1489,72,REY BLACK,2016-6-15
1490,912,GREEN NO,2014-8-8
1491,2077,WELL RAW,2020-6-6
1492,1699,MILLER ROW,2018-7-11
1493,1714,FILM sanna,2013-1-8
1494,754,SPIDER HOPE,2010-11-6
1495,1715,MARTIN MARGARET,2019-12-24
1496,1957,HERNANDEZ HELP,2019-1-4
1497,1498,COUNTRY AMY,2013-5-1
1498,755,FIVE MARGARET,2014-9-1
1499,1766,EAT RAW,2019-10-4
