id_film,nom,date_sortie
1,ROSS LISA,2015-1-6
2,WATSON DOING,2013-12-23
3,AFRICA ELIZABETH,2014-8-2
4,KING DOING,2012-11-6
5,FOSTER KING,2015-1-18
6,HATE RING,2012-5-3
7,PEREZ DOROTHY,2011-1-26
8,WEMAN DOROTHY,2010-7-16
9,MOORE QUEEN,2011-3-14
10,DOLLAR KING,2012-8-3
11,COLLINS BRENDA,2012-1-19
12,WEMAN LISA,2010-8-3
13,BUTLER BRENDA,2013-2-7
14,PRICE CYNTHIA,2012-11-15
15,WASHINGTON WENT,2015-11-3
16,DRAGULA WITH,2010-1-22
17,LIFE WRONG,2013-3-15
18,GRIFFIN ANGELA,2015-1-8
19,AFRICA HOPE,2012-2-7
20,NEW NO,2014-2-12
21,OLD WITH,2011-10-17
22,RED WENT,2013-3-13
23,FOSTER WRONG,2010-3-14
24,DIAZ RISE,2014-1-6
25,HATE CYNTHIA,2011-9-16
26,HERNANDEZ DOING,2011-5-5
27,SMOKE RISE,2011-8-26
28,GRIFFIN MELISSA,2014-6-2
29,FOUR YES,2011-8-25
30,MITCHELL CYNTHIA,2012-10-12
31,PARKER ANNA,2011-6-1
32,COLEMAN BRENDA,2013-10-14
33,DIAZ ROW,2015-11-26
34,MITCHELL FRANCE,2015-2-13
35,WASHINGTON RIGHT,2015-11-2
36,EAST DOING,2013-7-12
37,ROSS HELP,2015-7-12
38,WILSON ALEX,2010-9-11
39,REY RAW,2011-7-4
40,REY FRANCE,2014-6-19
41,VILLE DOROTHY,2010-6-3
42,FOSTER QUEEN,2014-9-16
43,EAT DONNA,2011-11-11
44,EUROPE ROW,2011-7-15
45,SPIDER BLACK,2011-12-25
46,AFRICA FRANCE,2012-12-16
47,BAKER ANNA,2015-2-18
48,ROBERTS RISE,2013-10-11
49,DRINK RING,2011-1-10
50,CHINA WITH,2010-8-6
51,YOUNG DONNA,2015-1-26
52,SIX SUSAN,2011-9-12
53,COLEMAN ROW,2010-4-8
54,RED RISE,2010-3-10
55,TURNER LISA,2015-3-19
56,RED BRENDA,2015-3-23
57,HELL SARAH,2014-7-24
58,WELL WENT,2011-4-19
59,SPIDER YES,2011-11-7
60,SANDERS DOING,2013-7-9
61,EDWARDS RAW,2013-2-3
62,DRAGULA SUSAN,2011-8-4
63,CARTER ANNA,2011-10-24
64,COLEMAN SUSAN,2012-2-5
65,DIAZ RING,2014-1-22
66,LIVE ANGELA,2014-2-1
67,DAVIS ANGELA,2011-6-9
68,CHINA KING,2011-9-2
69,RED SUSAN,2013-7-23
70,GRIFFIN DOING,2012-3-18
71,COLEMAN HOPE,2013-11-4
72,EURO HELP,2015-3-27
73,WILSON HOPE,2015-8-12
74,MAN FRANCE,2014-5-25
75,HUGE MELISSA,2010-9-17
76,HERNANDEZ WENT,2011-2-4
77,BAT ANGELA,2015-4-5
78,WOOD DOROTHY,2014-8-13
79,HATE BLACK,2010-6-27
80,MARTIN DOROTHY,2012-4-18
81,DAVIS GO,2013-1-4
82,JENKINS ALEX,2011-2-11
83,EAST RISE,2014-4-4
84,DAVIS WRONG,2013-10-27
85,EUROPE ALEX,2014-8-11
86,GREEN ANNA,2015-4-27
87,FOSTER HELP,2012-9-7
88,LUCKY MARGARET,2011-4-14
89,HERNANDEZ MARGARET,2010-5-11
90,HUGE AMY,2013-9-2
91,PRICE YES,2013-3-11
92,SNAKE WENT,2014-5-12
93,ILL SARAH,2011-7-14
94,HOPELESS FRANCE,2011-6-15
95,DOLLAR LISA,2015-7-15
96,SIX LISA,2013-10-20
97,RUSSELL BRENDA,2012-5-5
98,LIFE WRONG,2014-7-8
99,CARTER HELP,2012-12-16
100,SPIDER WITH,2013-6-7
101,HILL BLACK,2014-6-3
102,MOORE WENT,2010-9-4
103,COLEMAN WENT,2014-4-12
104,DRAGULA DOROTHY,2015-7-7
105,LIVE MARGARET,2011-11-4
106,DEAD RISE,2010-7-22
107,WASHINGTON ANNA,2010-6-24
108,FOUR HELP,2012-4-25
109,WRIGHT SUSAN,2015-4-12
110,POLO BRENDA,2014-10-26
111,CAMPBELL DOING,2015-11-18
112,LUCKY DONNA,2010-3-15
113,ADAMS KILL,2011-8-11
114,COUNTRY ROW,2013-7-9
115,OLD RAW,2011-8-14
116,DRAGULA RIGHT,2011-2-6
117,MAN ELIZABETH,2012-10-17
118,OLD FRANCE,2011-4-22
119,EVANS BLACK,2015-4-4
120,GRAY QUEEN,2010-5-2
121,HALL AMY,2013-6-10
122,ALEXANDER BLACK,2014-5-25
123,HATE NO,2013-2-6
124,JENKINS REBECCA,2014-8-19
125,GONZALEZ RIGHT,2014-4-3
126,HAYES RISE,2012-11-4
127,BUTLER ELIZABETH,2015-1-12
128,WASHINGTON RIGHT,2013-7-23
129,VILLE HELP,2014-2-17
130,HILL BLACK,2014-1-1
131,DRINK ROW,2015-6-4
132,YOUNG LISA,2014-6-15
133,WRIGHT BLACK,2012-1-25
134,FOUR REBECCA,2010-1-21
135,BAKER RAW,2015-8-25
136,LIVE QUEEN,2014-5-8
137,DRINK SUSAN,2014-5-25
138,EURO DOING,2014-11-11
139,SCOTT GO,2013-5-17
140,EDWARDS DOING,2012-11-12
141,BAKER HOPE,2011-7-14
142,PHILLIPS GO,2013-3-15
143,BAT WRONG,2010-4-26
144,LIVE WENT,2012-5-3
145,WELL RING,2014-1-22
146,SMOKE DOROTHY,2010-3-16
147,LOVE REBECCA,2011-6-20
148,FOSTER WENT,2011-6-28
149,HAYES SUSAN,2014-1-10
150,LUCK DOING,2010-5-27
151,REY ELIZABETH,2013-4-27
152,VILLE WENT,2010-7-20
153,SPIDER ROW,2011-11-14
154,DIAZ RISE,2013-6-2
155,MOORE KING,2012-3-25
156,YOUNG RIGHT,2015-3-15
157,MITCHELL GO,2015-5-27
158,LOVE NO,2011-6-2
159,LUCKY KILL,2010-2-2
160,GRIFFIN WENT,2012-4-21
161,GREEN ANNA,2013-10-24
162,HARRIS FRANCE,2011-2-18
163,WATSON ANNA,2011-5-25
164,HATE YES,2010-3-16
165,FIVE GO,2012-5-10
166,HOPELESS ANGELA,2012-10-7
167,WASHINGTON GO,2012-7-15
168,GREEN ROW,2012-12-13
169,LUCK YES,2015-7-8
170,DIAZ RISE,2013-8-17
171,EAT QUEEN,2015-6-19
172,OLD ELIZABETH,2011-8-4
173,ALEXANDER RAW,2013-4-2
174,SPIDER LISA,2013-4-25
175,LUCK QUEEN,2012-9-11
176,MAN KING,2011-3-1
177,CHINA NO,2011-2-2
178,POLO ALEX,2015-8-22
179,EVANS NO,2013-4-7
180,MOORE SARAH,2012-10-19
181,RUSSELL AMY,2011-6-16
182,CARTER WENT,2012-12-10
183,EUROPE DONNA,2012-11-8
184,GONZALES BRENDA,2012-2-18
185,BOSS DONNA,2013-8-1
186,HILL YES,2010-7-13
187,PHILLIPS DOING,2015-1-5
188,WOOD GO,2013-9-8
189,GONZALEZ ELIZABETH,2010-10-7
190,HARRIS RAW,2011-9-22
191,TURNER ALEX,2010-1-13
192,VILLE REBECCA,2012-9-28
193,HOPELESS REBECCA,2014-1-26
194,GRIFFIN DOROTHY,2015-1-14
195,WEMAN HOPE,2015-10-26
196,EVANS KILL,2013-12-8
197,HALL WRONG,2014-10-23
198,BAT YES,2013-10-25
199,PRICE REBECCA,2012-7-4
200,REY DOROTHY,2014-1-3
201,GONZALEZ WRONG,2015-9-6
202,HERNANDEZ SARAH,2014-3-10
203,HALL MELISSA,2014-6-15
204,WASHINGTON DOROTHY,2013-7-14
205,MORE BLACK,2012-7-5
206,KING RAW,2013-3-16
207,HENDERSON NO,2012-2-4
208,WEST RIGHT,2013-6-15
209,HARRIS RING,2012-11-2
210,RUSSELL WENT,2015-10-16
211,BOSS BRENDA,2011-10-17
212,BAT WITH,2012-11-26
213,RED RISE,2011-2-7
214,HATE DONNA,2011-3-6
215,SNAKE ANGELA,2014-3-4
216,DEAD WENT,2012-6-26
217,HATE BRENDA,2014-2-27
218,WILSON REBECCA,2012-9-11
219,WEST FRANCE,2010-2-20
220,POLO WENT,2015-6-6
221,TURNER KILL,2014-5-2
222,ALEXANDER MELISSA,2014-4-9
223,WEST WRONG,2011-11-18
224,EVANS DONNA,2010-1-25
225,LIFE YES,2013-7-15
226,FIVE MELISSA,2013-3-19
227,SANDERS RISE,2010-1-18
228,FOSTER RING,2012-5-16
229,EDWARDS KING,2012-8-13
230,LIVE ANGELA,2015-5-19
231,LIFE NO,2015-9-22
232,DIAZ WRONG,2012-10-1
233,LIVE BLACK,2010-8-11
234,ADAMS ELIZABETH,2014-5-11
235, WRONG,2013-4-8
236,SPIDER MELISSA,2014-7-24
237,PRICE BLACK,2014-9-7
238,MAN AMY,2013-7-6
239,PHILLIPS KING,2014-7-25
240,WATSON SARAH,2011-9-14
241,PRICE DONNA,2010-11-18
242,WOOD CYNTHIA,2014-11-21
243,ILL YES,2012-10-23
244,MORE ANNA,2010-6-27
245,BRYANT SARAH,2014-6-25
246,SCOTT RING,2011-4-8
247,BAKER ROW,2015-2-28
248,FOSTER CYNTHIA,2015-7-14
249,COLEMAN MARGARET,2013-6-18
250,BRYANT SUSAN,2013-5-28
251,BARNES WENT,2012-2-12
252,FIVE DOING,2010-9-3
253,COLLINS KING,2013-12-14
254,YOUNG YES,2013-4-14
255,POLO BRENDA,2015-9-1
256,VILLE ROW,2010-1-3
257,WELL MELISSA,2015-5-4
258,KING QUEEN,2011-2-27
259,MOORE FRANCE,2013-9-19
260,GREEN AMY,2015-2-17
261,ALEXANDER BLACK,2013-10-28
262,PHILLIPS ROW,2011-12-12
263,SMOKE DONNA,2011-2-11
264,WASHINGTON ELIZABETH,2014-11-5
265,GRIFFIN DONNA,2010-10-5
266,RUSSELL WITH,2010-1-11
267,LIFE GO,2013-5-18
268,DRAGULA REBECCA,2012-10-10
269,WELL ANNA,2015-1-11
270,HUGE DOROTHY,2014-6-4
271,PHILLIPS BLACK,2010-12-20
272,CARTER FRANCE,2014-6-7
273,SNAKE KILL,2013-3-28
274,REY BLACK,2010-5-8
275,SPIDER GO,2012-8-21
276,EAST HELP,2012-5-20
277,EAST AMY,2012-2-10
278,PRICE FRANCE,2013-10-3
279,ROBERTS DONNA,2010-11-23
280,LION BRENDA,2010-6-2
281,GRAY FRANCE,2011-4-1
282,LION NO,2015-2-21
283,OLD ANGELA,2012-11-4
284,LIVE GO,2012-4-3
285,DAVIS SUSAN,2012-3-14
286,SPIDER RISE,2011-1-8
287,ROSS WENT,2012-2-6
288,ALLEN HOPE,2015-1-20
289,COUNTRY SUSAN,2010-9-11
290,COLEMAN DONNA,2010-1-2
291,EAST AMY,2010-8-12
292,PRICE RAW,2010-1-2
293,LUCK MARGARET,2011-8-7
294,DRAGULA HOPE,2011-3-11
295,VILLE DOING,2014-8-12
296,ILL AMY,2012-4-26
297,HALL GO,2012-3-5
298,ROBERTS FRANCE,2011-1-24
299,SNAKE ALEX,2010-8-24
300,SANDERS RAW,2015-12-15
301,TURNER SARAH,2012-1-28
302,SNAKE WITH,2015-5-2
303,POLO MELISSA,2014-2-28
304,BAKER CYNTHIA,2011-1-14
305,ALEXANDER CYNTHIA,2012-9-19
306,ILL RISE,2013-5-16
307,PEREZ DOING,2011-4-15
308,SEX ANNA,2011-11-20
309,OLD RIGHT,2010-1-16
310,POLO ELIZABETH,2013-5-20
311,CAMPBELL DONNA,2012-12-17
312,HERNANDEZ MARGARET,2015-10-19
313,NEW WRONG,2014-1-2
314,RED HOPE,2013-5-18
315,MAN AMY,2010-3-17
316,ROBERTS ANGELA,2014-6-5
317,WILSON KING,2013-5-21
318,DOLLAR WRONG,2012-10-27
319,AFRICA ALEX,2014-11-18
320,LUCK RIGHT,2015-1-7
321,SCOTT WENT,2014-12-23
322,FOSTER KILL,2012-1-25
323,PETERSON ANNA,2012-4-24
324,PETERSON BLACK,2010-8-16
325,SPIDER AMY,2014-5-18
326,LOVE ELIZABETH,2010-3-17
327,REY GO,2013-9-22
328,CARTER DONNA,2010-7-8
329,MILLER MARGARET,2011-2-28
330,WASHINGTON WENT,2014-4-25
331,TURNER GO,2012-3-10
332,RUSSELL KING,2014-8-4
333,BAKER KING,2015-8-12
334,BRYANT MARGARET,2015-5-2
335,HEAVEN CYNTHIA,2012-3-8
336,PETERSON ELIZABETH,2010-4-5
337,VILLE FRANCE,2010-5-23
338,HATE DONNA,2015-3-2
339,MITCHELL WENT,2015-5-26
340,EUROPE DOING,2014-6-27
341,EDWARDS RAW,2010-5-12
342,CHINA AMY,2012-7-6
343,SEX CYNTHIA,2015-6-15
344,WOOD DOROTHY,2014-3-24
345,PARKER AMY,2011-8-10
346,FIVE ROW,2015-10-18
347,GRIFFIN DOROTHY,2015-4-19
348,SCOTT ANGELA,2015-10-22
349,PARKER MARGARET,2012-7-26
350,PARKER GO,2015-1-21
351,SANDERS MARGARET,2010-10-11
352,BAKER ANNA,2012-3-27
353,PARKER BLACK,2012-10-7
354,ILL GO,2012-1-27
355,VILLE MELISSA,2013-8-21
356,DRAGULA WENT,2010-12-11
357,SCOTT ROW,2015-3-5
358,BAT MELISSA,2010-4-27
359,MAN HOPE,2015-8-22
360,SPIDER KILL,2012-2-1
361,LUCKY ELIZABETH,2013-12-6
362,ILL NO,2010-1-22
363,EAST BLACK,2010-3-11
364,WILSON MARGARET,2011-3-24
365,COLLINS REBECCA,2015-5-15
366,SNAKE RISE,2015-7-4
367,SNAKE DOROTHY,2010-5-11
368,VILLE RAW,2014-10-1
369,GONZALES HELP,2015-6-28
370,DRINK ANGELA,2013-4-19
371,HILL WITH,2011-5-3
372,TURNER AMY,2014-3-17
373,PHILLIPS BRENDA,2012-9-11
374,TURNER YES,2015-7-16
375,HATE NO,2012-3-9
376,EVIL RISE,2013-4-15
377,LION RAW,2014-1-17
378,FIVE HOPE,2011-12-21
379,ROBERTS ELIZABETH,2015-12-28
380,HENDERSON KILL,2015-1-6
381,ILL RING,2010-1-12
382,WEMAN ELIZABETH,2010-3-27
383,HAYES WRONG,2012-4-14
384,MILLER WENT,2010-1-7
385,DOLLAR RING,2010-3-24
386,SANDERS SUSAN,2013-8-11
387,CARTER ALEX,2010-2-11
388,LIVE ANNA,2010-1-8
389,DRAGULA WENT,2015-7-28
390,NEW WRONG,2014-3-8
391,SEX MARGARET,2013-4-7
392,CHINA REBECCA,2015-2-20
393,HOPE ELIZABETH,2015-8-22
394,WELL RAW,2012-7-21
395,HALL KING,2010-2-18
396,LIFE RIGHT,2013-4-4
397,EVIL DOROTHY,2013-10-8
398,DOLLAR YES,2011-8-1
399,HELL DOROTHY,2012-8-2
400,WEMAN MELISSA,2012-11-13
401,CAMPBELL RISE,2012-6-26
402,HERNANDEZ RIGHT,2013-5-10
403,SIMMONS RISE,2010-5-10
404,DRAGULA DOING,2015-2-14
405,PETERSON BRENDA,2011-9-22
406,SCOTT LISA,2011-11-7
407,CAMPBELL ELIZABETH,2011-6-23
408,WEST RIGHT,2012-5-17
409,GRAY ALEX,2012-11-13
410,MILLER ELIZABETH,2010-7-3
411,GONZALEZ DOING,2011-9-14
412,FOSTER WRONG,2013-7-25
413,FOUR HOPE,2012-8-11
414,GONZALES DOROTHY,2011-9-22
415,VILLE CYNTHIA,2015-9-2
416,DRAGULA GO,2014-12-22
417,JENKINS KING,2015-12-27
418,LOPEZ KILL,2010-12-1
419,PETERSON KILL,2010-9-8
420,HERNANDEZ HOPE,2015-7-22
421,SMOKE BLACK,2011-8-23
422,GONZALES QUEEN,2015-1-18
423,EUROPE ANGELA,2013-11-26
424,GRAY NO,2011-5-14
425,WELL LISA,2013-7-8
426,BAT AMY,2013-6-1
427,NEW CYNTHIA,2012-3-11
428, KILL,2013-5-7
429,HAYES ELIZABETH,2015-8-22
430,ALEXANDER DONNA,2015-2-3
431,EVANS CYNTHIA,2014-5-26
432,DIAZ HELP,2011-2-2
433,OLD GO,2012-11-4
434,HUGE DOING,2011-8-18
435,SPIDER HELP,2014-7-4
436,MORE HELP,2012-2-24
437,HELL BLACK,2014-7-21
438,YOUNG KILL,2015-5-14
439,MITCHELL ANGELA,2015-8-27
440,WRIGHT YES,2012-3-26
441,ROBERTS ROW,2014-1-11
442,TURNER WENT,2010-6-18
443,HAYES SARAH,2010-12-23
444,MOORE RAW,2014-6-9
445,HILL RING,2012-2-20
446,VILLE KING,2014-11-1
447,ADAMS QUEEN,2010-1-25
448,ADAMS GO,2013-3-2
449,OLD AMY,2012-12-7
450,WRIGHT WRONG,2013-9-25
451,RUSSELL ROW,2013-9-25
452,VILLE RAW,2011-11-25
453,MITCHELL KILL,2012-4-23
454,PETERSON WITH,2010-4-13
455,GRIFFIN REBECCA,2010-8-9
456,ROBERTS WITH,2014-11-25
457,BAT ANNA,2010-11-21
458,EDWARDS RING,2011-11-4
459,ROSS HOPE,2014-10-12
460,HOPE DONNA,2012-2-9
461,CARTER CYNTHIA,2014-1-6
462,LOVE HELP,2012-9-2
463,LIVE WRONG,2015-12-23
464,DOLLAR HOPE,2011-9-12
465,HOPELESS KING,2010-10-23
466,HILL AMY,2010-3-6
467,AFRICA GO,2011-12-5
468,EVIL BLACK,2012-4-3
469,KING ALEX,2012-3-14
470,MARTIN GO,2015-4-19
471,SIMMONS WITH,2013-12-5
472,WATSON ROW,2012-4-17
473,HOPE RING,2013-9-16
474,EVANS ELIZABETH,2010-10-24
475,KING WENT,2012-11-19
476,GRIFFIN NO,2015-8-26
477,WEST RING,2013-3-13
478,EVIL FRANCE,2015-8-26
479,LION DOING,2010-1-2
480,MAN REBECCA,2014-4-27
481,LIFE ANGELA,2014-4-12
482,SANDERS SARAH,2010-10-14
483,EAST ROW,2012-8-26
484,HATE RIGHT,2015-4-13
485,MARTIN SARAH,2014-9-24
486,HERNANDEZ LISA,2010-8-18
487,VILLE DOROTHY,2012-2-2
488,DEAD DONNA,2010-1-1
489,SCOTT MELISSA,2015-12-10
490,ALEXANDER FRANCE,2013-5-23
491,FILM KING,2012-2-5
492,MORE AMY,2013-2-16
493,EAT ANNA,2010-6-25
494,ALEXANDER SUSAN,2012-7-14
495,OLD RING,2011-8-17
496,DAVIS SARAH,2011-3-6
497,EAST GO,2014-1-23
498,COLLINS ROW,2015-12-19
499,LOPEZ GO,2012-9-14
500,HUGE YES,2015-2-28
501,MOORE BRENDA,2010-4-4
502, CYNTHIA,2012-9-3
503,HUGE FRANCE,2012-10-12
504,HOPE FRANCE,2014-3-10
505,HOPE ELIZABETH,2014-5-26
506,MILLER MELISSA,2013-8-8
507,LUCKY KING,2012-12-5
508,HENDERSON AMY,2015-12-27
509,SIMMONS YES,2013-3-28
510,SIX SARAH,2012-11-23
511,HOPE BRENDA,2014-10-26
512,TURNER WENT,2015-7-23
513,MILLER ANGELA,2014-10-25
514,PEREZ RIGHT,2015-2-9
515,HUGE NO,2011-4-3
516,MITCHELL ELIZABETH,2011-9-9
517,EDWARDS REBECCA,2012-4-3
518,SEX QUEEN,2013-9-7
519,HILL GO,2015-5-20
520,GRAY WRONG,2012-6-10
521,HILL MARGARET,2014-2-28
522,FIVE KING,2013-10-7
523,REY ANNA,2010-11-3
524,LION YES,2013-9-11
525, WRONG,2014-4-6
526,PHILLIPS ANGELA,2014-1-25
527,BUTLER AMY,2012-6-12
528,EUROPE DONNA,2010-2-8
529,NEW DONNA,2015-9-27
530,DRAGULA QUEEN,2014-2-14
531,WELL DOROTHY,2013-9-3
532,VILLE BRENDA,2014-6-12
533,COUNTRY MELISSA,2010-5-6
534,MAN BRENDA,2014-7-17
535,OLD ALEX,2012-6-9
536,HENDERSON RING,2015-2-16
537,EURO HOPE,2013-5-18
538,MORE ALEX,2014-7-19
539,WRIGHT QUEEN,2013-10-24
540,HUGE KING,2011-4-16
541,HEAVEN SARAH,2011-2-15
542,MAN BRENDA,2013-3-8
543,HALL NO,2010-6-8
544,VILLE WRONG,2012-1-26
545,DEAD DOING,2014-5-17
546,DRINK WITH,2012-12-11
547,ILL NO,2010-5-20
548,COLLINS REBECCA,2010-10-5
549,DEAD KILL,2012-6-28
550,HILL ALEX,2015-3-28
551,JENKINS LISA,2015-1-8
552,PEREZ BLACK,2011-12-21
553,PARKER DOROTHY,2015-9-12
554,DRAGULA DONNA,2015-2-1
555,SCOTT RAW,2013-9-13
556,SANDERS YES,2013-7-12
557,FOUR FRANCE,2015-5-11
558,LOPEZ HOPE,2012-4-5
559,PARKER FRANCE,2015-8-3
560,LOVE SARAH,2012-6-2
561,PHILLIPS MARGARET,2015-5-16
562,WASHINGTON MELISSA,2015-5-28
563,COUNTRY LISA,2015-6-7
564,DAVIS HOPE,2015-12-2
565,MARTIN BRENDA,2012-9-1
566,ALLEN ANGELA,2010-8-2
567,MILLER RING,2011-2-24
568,EURO RING,2015-3-28
569,WASHINGTON AMY,2015-12-9
570,EVIL FRANCE,2015-4-1
571,WELL NO,2011-8-22
572,WOOD WITH,2011-4-7
573,JENKINS ANGELA,2010-12-26
574,MOORE MELISSA,2010-8-5
575,FILM WITH,2012-3-19
576,RUSSELL KILL,2013-8-11
577,RUSSELL RIGHT,2011-4-26
578,EUROPE CYNTHIA,2014-4-6
579,LUCK RIGHT,2011-3-3
580,GONZALES YES,2012-4-8
581,NEW AMY,2014-9-17
582,LUCK SUSAN,2013-11-5
583,HERNANDEZ ALEX,2010-1-4
584, ELIZABETH,2013-8-19
585,SIMMONS MELISSA,2010-12-24
586,EVIL MARGARET,2010-10-12
587,HOPELESS FRANCE,2010-10-6
588,HILL NO,2013-3-27
589,HAYES SUSAN,2014-2-20
590,PHILLIPS AMY,2014-9-15
591,DIAZ DOING,2014-9-9
592,SIX HOPE,2014-1-19
593,CAMPBELL QUEEN,2013-5-13
594,EDWARDS MARGARET,2011-9-27
595,CHINA ROW,2011-2-4
596,BRYANT LISA,2010-2-10
597,NELSON SUSAN,2013-9-25
598,SIX HOPE,2012-4-25
599,ILL HOPE,2015-10-16
600,ALEXANDER HOPE,2011-1-25
601,GRAY HOPE,2011-8-2
602,DRINK ANNA,2011-10-23
603,POLO YES,2014-7-21
604,GRIFFIN DOING,2014-7-7
605,GRIFFIN ANNA,2012-9-17
606,TURNER WENT,2010-4-27
607,DOLLAR NO,2014-5-26
608,PEREZ WENT,2014-12-21
609,SEX SARAH,2010-4-15
610,FILM DOING,2015-6-2
611,BOSS DONNA,2011-11-16
612,POLO HELP,2015-1-1
613,SANDERS BLACK,2014-2-2
614,LOVE HELP,2013-6-13
615,MORE LISA,2015-5-21
616,RUSSELL ANNA,2010-11-7
617,WOOD WITH,2013-11-11
618,COLEMAN FRANCE,2010-11-22
619,BUTLER LISA,2015-10-9
620,GREEN MARGARET,2015-2-27
621,GRAY DOROTHY,2014-6-28
622,MORE ANNA,2015-6-28
623,BOSS DOING,2014-10-24
624,SPIDER RISE,2014-2-7
625,WOOD HOPE,2011-12-3
626,HOPE REBECCA,2010-8-10
627,POLO CYNTHIA,2010-6-27
628,SIMMONS RIGHT,2015-8-25
629,BRYANT WRONG,2012-8-25
630,MARTIN QUEEN,2011-3-26
631,SEX HELP,2010-6-10
632,REY WITH,2013-7-21
633,COLLINS GO,2014-12-4
634,PARKER ELIZABETH,2013-7-20
635,BUTLER KILL,2012-12-17
636,ROSS FRANCE,2012-10-14
637,EAT YES,2014-8-24
638,JENKINS DOING,2011-5-20
639,MORE LISA,2012-11-18
640,BAT DOING,2010-4-4
641,PHILLIPS RIGHT,2015-12-25
642,LIFE RIGHT,2012-10-25
643,HEAVEN ROW,2011-2-4
644,WRIGHT AMY,2014-2-7
645,PETERSON WITH,2013-4-1
646,WOOD CYNTHIA,2014-1-13
647,RUSSELL ELIZABETH,2011-10-4
648,SMOKE SUSAN,2011-7-12
649,EVIL QUEEN,2012-2-3
650,REY MELISSA,2012-7-20
651,FIVE HOPE,2015-9-21
652,VILLE BLACK,2013-10-17
653,EAT DOROTHY,2010-7-21
654,MARTIN CYNTHIA,2012-2-4
655,RUSSELL REBECCA,2014-11-17
656,FOUR ANNA,2014-10-23
657, CYNTHIA,2014-7-8
658,CARTER WRONG,2010-11-7
659,DOLLAR QUEEN,2014-5-18
660,EUROPE RING,2012-4-8
661,DRAGULA RAW,2015-10-23
662,HATE KING,2011-9-23
663,WEST GO,2015-6-22
664,FOUR WENT,2010-5-13
665,HELL NO,2012-2-15
666,BOSS LISA,2015-7-4
667,WILSON YES,2010-7-11
668,FOUR CYNTHIA,2011-8-6
669,EUROPE DOROTHY,2012-7-28
670,EVIL LISA,2014-1-8
671,CARTER MARGARET,2012-10-3
672,RUSSELL REBECCA,2011-9-15
673,EUROPE NO,2015-8-1
674,ALEXANDER LISA,2014-10-1
675,WEST ALEX,2010-1-9
676,GONZALEZ HELP,2010-11-16
677,MILLER RIGHT,2013-11-20
678,MARTIN WITH,2011-10-19
679,DRAGULA RISE,2012-5-23
680,GREEN DONNA,2013-11-1
681,SIX ELIZABETH,2012-11-1
682,SANDERS RIGHT,2014-12-8
683,PRICE ELIZABETH,2013-9-18
684,YOUNG KING,2014-6-4
685, DOROTHY,2012-2-26
686,RUSSELL MARGARET,2015-6-17
687,MAN WENT,2010-2-5
688,WEST DOING,2013-1-14
689,MITCHELL BRENDA,2013-9-18
690,ALLEN WENT,2011-7-25
691,PETERSON FRANCE,2010-2-19
692,WEST KING,2013-11-6
693,WEMAN ANGELA,2013-4-4
694,EDWARDS MELISSA,2013-8-17
695,RED HELP,2010-11-2
696,FIVE DOROTHY,2013-1-26
697,MORE DONNA,2013-10-10
698,MOORE GO,2015-6-13
699,WILSON REBECCA,2013-5-2
700,LOPEZ DOROTHY,2015-10-9
701,BARNES ANNA,2015-3-9
702,WELL SUSAN,2015-2-28
703,MAN ALEX,2014-2-27
704,ALEXANDER YES,2015-2-24
705,FOSTER RING,2010-11-28
706,PHILLIPS FRANCE,2015-4-1
707,DIAZ AMY,2010-9-19
708,RUSSELL DOING,2012-5-25
709,MOORE HELP,2011-9-3
710,LUCK LISA,2013-1-6
711,HOPE YES,2013-10-24
712,PHILLIPS HELP,2015-10-4
713,PRICE ROW,2012-1-15
714,WRIGHT DONNA,2013-4-11
715,LIFE QUEEN,2012-12-15
716,WRIGHT RISE,2010-10-25
717,SIMMONS HELP,2013-5-24
718,HERNANDEZ KILL,2015-8-13
719,LOPEZ REBECCA,2013-8-21
720, REBECCA,2011-8-4
721,FILM ANGELA,2014-11-27
722,GONZALEZ REBECCA,2015-4-5
723,MARTIN SARAH,2013-8-17
724,FOSTER SUSAN,2015-12-27
725,SIX DONNA,2010-10-17
726,HERNANDEZ DOING,2010-1-14
727,FIVE WITH,2013-11-3
728,AFRICA ALEX,2015-7-28
729,MORE ANGELA,2010-11-8
730,SMOKE FRANCE,2013-3-7
731,HEAVEN GO,2015-5-10
732,MARTIN YES,2012-1-2
733,HARRIS RIGHT,2014-3-9
734,GRIFFIN HOPE,2012-12-4
735,GONZALEZ SUSAN,2014-9-17
736,CAMPBELL AMY,2010-1-2
737,KING ROW,2012-5-11
738,PEREZ RISE,2011-4-11
739,LIVE DONNA,2015-2-19
740,LIFE ANNA,2013-1-11
741,HEAVEN ANNA,2011-8-27
742,SEX CYNTHIA,2012-10-2
743,SPIDER QUEEN,2014-10-2
744,BARNES RISE,2013-6-25
745, AMY,2013-8-27
746,SNAKE DONNA,2011-6-15
747,HOPELESS RISE,2014-8-26
748,DRAGULA HELP,2010-6-14
749,GRIFFIN ALEX,2012-12-1
750,PEREZ REBECCA,2015-9-5
751,DEAD MARGARET,2013-3-15
752,EAST HOPE,2014-12-22
753,HILL ROW,2010-10-11
754,EVANS ALEX,2011-10-14
755,DOLLAR BLACK,2012-1-20
756,SEX DOROTHY,2015-6-19
757,ALLEN KING,2012-4-2
758,EAST FRANCE,2012-9-14
759,FILM CYNTHIA,2013-1-3
760,WATSON KING,2015-7-17
761,RED ELIZABETH,2011-6-26
762,EVANS KING,2014-10-3
763,WASHINGTON ALEX,2010-7-25
764,EAT HOPE,2015-2-18
765,PEREZ REBECCA,2013-1-4
766,ILL SUSAN,2011-4-21
767,ILL NO,2015-11-4
768,EDWARDS KILL,2013-8-13
769,MAN HOPE,2010-7-15
770,VILLE FRANCE,2014-11-10
771,GRIFFIN SUSAN,2010-8-11
772,FOUR GO,2015-1-16
773,HENDERSON WITH,2010-1-6
774,SMOKE BRENDA,2011-4-24
775,LOVE MELISSA,2010-4-19
776,DEAD KING,2013-1-22
777,FILM RAW,2011-9-3
778,WEMAN BRENDA,2011-6-20
779,WRIGHT WITH,2015-1-2
780,HOPE KILL,2014-5-24
781,DIAZ ROW,2014-5-6
782,CHINA KING,2015-6-10
783,WELL HELP,2011-9-6
784,PETERSON ROW,2014-11-8
785,CAMPBELL WITH,2011-10-13
786,LOPEZ SUSAN,2015-5-10
787,SCOTT KING,2014-8-28
788,SCOTT REBECCA,2014-6-2
789,HELL DONNA,2012-11-27
790,HELL CYNTHIA,2015-10-15
791,WASHINGTON FRANCE,2010-1-4
792,FIVE KING,2011-6-27
793,COLLINS DOING,2013-12-7
794,EVANS ROW,2015-5-3
795,HOPE LISA,2014-7-22
796,SEX AMY,2014-12-12
797,SIX AMY,2010-11-4
798,SEX AMY,2012-7-23
799,MARTIN ELIZABETH,2010-7-12
800,TURNER REBECCA,2010-11-14
801,VILLE MARGARET,2013-4-15
802,HALL ELIZABETH,2015-5-21
803,WEST DOING,2014-4-17
804,DRINK REBECCA,2014-3-17
805,PETERSON DOING,2012-5-11
806,BAKER MELISSA,2014-2-5
807,WATSON SUSAN,2013-4-11
808,LION WENT,2015-6-1
809,MITCHELL WRONG,2012-1-1
810,DIAZ BRENDA,2014-5-19
811,WASHINGTON REBECCA,2015-10-17
812,PETERSON REBECCA,2011-7-1
813,FILM HOPE,2012-6-24
814,LUCKY RISE,2011-10-14
815,FOUR AMY,2013-8-15
816,GRAY ANNA,2010-1-11
817,HUGE LISA,2013-12-12
818,EAST REBECCA,2011-3-1
819,CAMPBELL BLACK,2010-12-16
820,VILLE RIGHT,2014-6-3
821,WEMAN NO,2012-5-26
822,LOPEZ RISE,2012-7-3
823,KING GO,2013-7-27
824,BRYANT DOROTHY,2010-8-1
825,AFRICA RISE,2011-7-6
826,MITCHELL CYNTHIA,2012-2-23
827,YOUNG RIGHT,2013-8-22
828,LIFE SARAH,2010-1-14
829,WOOD SUSAN,2013-9-17
830,FIVE MARGARET,2015-8-18
831,WATSON WITH,2015-4-20
832,CHINA ANNA,2014-11-22
833,EAST LISA,2015-5-16
834,WEST CYNTHIA,2012-5-22
835,BUTLER KILL,2015-11-14
836,WATSON CYNTHIA,2015-7-14
837,COLLINS ELIZABETH,2013-6-3
838,MOORE MELISSA,2015-4-13
839,COUNTRY DONNA,2011-6-21
840, WITH,2010-4-10
841,WEST AMY,2012-4-12
842,MARTIN SUSAN,2011-4-16
843,MAN SUSAN,2012-7-26
844,HILL RIGHT,2014-8-12
845,BRYANT WENT,2014-12-19
846,BOSS MELISSA,2010-8-10
847,REY QUEEN,2012-10-25
848,DRAGULA DOING,2012-3-11
849,ROSS FRANCE,2010-2-27
850,HAYES GO,2015-8-4
851,TURNER SUSAN,2015-5-11
852,BAT BLACK,2014-3-18
853,BUTLER RISE,2010-11-25
854,PRICE BRENDA,2014-11-1
855,BOSS BLACK,2013-3-13
856,PRICE AMY,2014-6-2
857,LUCKY WRONG,2012-4-25
858,YOUNG WENT,2014-2-1
859,SNAKE WRONG,2013-9-23
860,SIMMONS BRENDA,2013-1-10
861,BUTLER SUSAN,2015-3-17
862,DRINK BLACK,2011-12-16
863,ADAMS ANNA,2010-7-17
864,HEAVEN AMY,2010-9-2
865,HALL DONNA,2010-7-3
866,HENDERSON AMY,2015-4-19
867,WASHINGTON YES,2013-4-14
868,SIMMONS WENT,2013-6-3
869,AFRICA RISE,2011-9-16
870,BARNES ALEX,2013-6-16
871,DIAZ WRONG,2013-10-28
872,LIVE BLACK,2015-4-19
873,WELL WENT,2010-11-20
874,MOORE WENT,2014-7-23
875,VILLE LISA,2013-6-6
876,JENKINS SUSAN,2011-2-13
877,EDWARDS RIGHT,2014-2-26
878,COUNTRY ANNA,2013-8-21
879,RED REBECCA,2010-12-23
880,SMOKE WENT,2014-6-23
881,DAVIS DONNA,2015-8-1
882,SMOKE RISE,2010-11-1
883,YOUNG SARAH,2012-12-14
884,GRAY RAW,2013-2-24
885,WOOD MARGARET,2012-12-24
886,HENDERSON RISE,2010-12-7
887,CAMPBELL MARGARET,2012-8-2
888,WELL BRENDA,2013-6-7
889,LUCK SUSAN,2014-6-8
890,VILLE SUSAN,2014-3-25
891,LOVE BLACK,2014-12-6
892,BAKER DOING,2012-10-15
893,WEMAN REBECCA,2010-9-20
894,BOSS KILL,2010-8-7
895,LOVE AMY,2014-2-19
896,HEAVEN KILL,2015-2-27
897,MITCHELL ALEX,2015-3-25
898,LION CYNTHIA,2015-5-8
899,FIVE KILL,2011-9-20
900,WRIGHT GO,2011-4-3
901,BOSS RISE,2011-10-28
902,DEAD WENT,2010-10-23
903,BAT FRANCE,2010-3-22
904,POLO ALEX,2010-1-3
905,GREEN ROW,2012-10-28
906,RUSSELL MELISSA,2011-4-10
907,LOVE WRONG,2014-8-12
908,HALL HOPE,2011-9-24
909,SIMMONS YES,2012-5-14
910,NEW FRANCE,2014-7-6
911,WATSON MARGARET,2010-10-9
912,FOSTER WENT,2011-10-11
913,FOSTER ANNA,2015-5-18
914,SMOKE CYNTHIA,2013-1-16
915,WOOD MELISSA,2010-1-7
916,LUCKY ANNA,2011-2-6
917,AFRICA HELP,2014-2-13
918,HERNANDEZ ALEX,2012-9-21
919,BAKER RISE,2014-1-24
920,HEAVEN KILL,2010-9-3
921,SIX SARAH,2011-4-10
922,LIFE LISA,2013-11-21
923,DAVIS CYNTHIA,2014-11-20
924,NELSON AMY,2013-7-14
925,CAMPBELL MARGARET,2012-3-25
926,VILLE RAW,2015-3-2
927,EUROPE BLACK,2011-8-4
928,AFRICA DOROTHY,2015-5-5
929,HEAVEN ROW,2013-12-11
930,ILL WITH,2012-10-9
931,ROSS YES,2014-2-23
932,PETERSON MELISSA,2012-9-6
933,EDWARDS ROW,2012-12-8
934,FIVE SUSAN,2012-8-25
935,LOPEZ FRANCE,2014-5-7
936,BAKER QUEEN,2010-4-17
937,HAYES ANNA,2012-9-20
938,ALLEN WRONG,2011-9-16
939,PRICE DONNA,2013-12-23
940,POLO WITH,2011-2-28
941,BAKER ANGELA,2010-7-27
942,COLEMAN MARGARET,2013-8-5
943,WILSON WENT,2015-6-10
944,LION HELP,2010-8-22
945,ILL ALEX,2013-6-6
946,RUSSELL FRANCE,2013-8-26
947,GONZALES ROW,2011-1-16
948,DEAD ELIZABETH,2013-6-25
949,COLLINS ALEX,2010-1-6
950,BRYANT DONNA,2011-5-19
951,COUNTRY RING,2012-7-23
952,PARKER QUEEN,2012-6-5
953,RED SUSAN,2013-7-15
954,PARKER FRANCE,2010-3-28
955,EUROPE RAW,2012-10-18
956,BARNES SUSAN,2015-1-11
957,FOSTER KILL,2013-11-28
958,VILLE ANNA,2013-9-8
959,LOPEZ WENT,2012-1-12
960,HOPE ELIZABETH,2015-9-27
961,SEX RAW,2012-5-3
962,GREEN RING,2015-12-19
963,MILLER ELIZABETH,2013-7-18
964,EUROPE ALEX,2010-9-26
965,VILLE NO,2010-12-2
966,SMOKE ROW,2014-5-6
967,VILLE RING,2015-9-11
968,WOOD ANNA,2012-2-4
969,PEREZ MARGARET,2013-8-14
970,LOPEZ GO,2011-6-18
971,HERNANDEZ ALEX,2013-1-14
972,WEMAN ANNA,2012-11-21
973,EVIL DOROTHY,2011-5-12
974,PARKER ALEX,2012-5-18
975,ALEXANDER CYNTHIA,2013-9-25
976,TURNER WRONG,2012-3-7
977,HOPELESS HELP,2014-9-27
978,DRINK WENT,2011-3-4
979,GONZALES RIGHT,2012-3-7
980,ALEXANDER MARGARET,2014-6-10
981,BUTLER ROW,2014-6-21
982,BARNES KING,2013-7-27
983,NEW REBECCA,2015-9-1
984,WELL AMY,2011-7-22
985,MITCHELL BLACK,2010-9-20
986,VILLE DONNA,2010-7-3
987,MITCHELL ANGELA,2010-11-25
988,SPIDER SUSAN,2014-4-5
989,EAST KING,2012-8-18
990,FOUR BRENDA,2010-1-11
991,PEREZ YES,2011-4-12
992,LUCK RIGHT,2013-4-23
993,WEMAN ANGELA,2010-6-6
994,EVIL ELIZABETH,2013-9-16
995,MAN RING,2012-8-10
996,MITCHELL DOROTHY,2015-2-28
997,MARTIN ANGELA,2012-10-3
998,DOLLAR MELISSA,2010-9-15
999,WOOD DONNA,2013-3-7
1000,HAYES HOPE,2010-8-17
1001,GONZALES HOPE,2014-2-13
1002,COUNTRY CYNTHIA,2011-10-28
1003,EAT RISE,2010-7-16
1004,WRIGHT ELIZABETH,2013-4-22
1005,SNAKE YES,2015-4-11
1006,LUCKY ANNA,2014-3-6
1007,HOPE RISE,2010-1-8
1008,ADAMS YES,2010-3-27
1009,HATE ANGELA,2014-9-3
1010,GONZALES ELIZABETH,2012-9-16
1011,GREEN ELIZABETH,2010-12-27
1012,DRAGULA MARGARET,2015-5-27
1013,HERNANDEZ DOING,2012-3-24
1014,VILLE FRANCE,2014-11-16
1015,YOUNG NO,2015-2-4
1016,RED SARAH,2012-4-26
1017,LIVE MARGARET,2014-8-24
1018,WATSON RING,2012-9-2
1019,DAVIS DOING,2012-6-17
1020,KING ANNA,2013-8-25
1021,EVANS BRENDA,2014-8-20
1022,DOLLAR NO,2010-5-2
1023,HOPELESS GO,2011-6-2
1024,ALEXANDER CYNTHIA,2010-3-5
1025,WILSON ALEX,2013-1-10
1026,FOUR WRONG,2011-4-20
1027,HARRIS RAW,2010-9-25
1028,LUCK DOROTHY,2012-4-12
1029,HENDERSON BRENDA,2011-3-19
1030,OLD YES,2010-9-10
1031,HARRIS WITH,2011-9-11
1032,WASHINGTON BLACK,2012-11-8
1033,REY DOROTHY,2012-10-18
1034,FOSTER KILL,2014-10-10
1035,PETERSON CYNTHIA,2012-8-20
1036,POLO ANNA,2010-6-17
1037,DAVIS RISE,2012-7-9
1038,HERNANDEZ KILL,2015-12-7
1039,PARKER WRONG,2012-7-27
1040,AFRICA MELISSA,2015-5-15
1041,BAKER DOING,2012-12-11
1042,PRICE AMY,2012-11-25
1043,WATSON ALEX,2012-10-5
1044,HOPE DONNA,2012-12-25
1045,EAT MELISSA,2010-7-13
1046,CARTER SUSAN,2010-1-8
1047,HUGE NO,2013-2-16
1048,HILL RISE,2014-10-26
1049,GONZALES NO,2010-6-25
1050,HELL AMY,2010-1-18
1051,HILL CYNTHIA,2015-9-15
1052,WEMAN KING,2012-10-16
1053,EAST DOROTHY,2014-5-2
1054,DOLLAR BRENDA,2012-8-6
1055,ILL SARAH,2015-1-11
1056,PEREZ DONNA,2012-6-22
1057,MARTIN RISE,2015-5-22
1058,POLO FRANCE,2011-7-6
1059,SNAKE LISA,2015-5-27
1060,ILL LISA,2013-4-27
1061,DIAZ ANNA,2015-11-9
1062,LIVE WRONG,2013-4-8
1063,EAST WENT,2011-7-6
1064,SCOTT KING,2014-4-19
1065,GRIFFIN DOROTHY,2013-2-24
1066,BARNES ELIZABETH,2012-3-4
1067,WELL MARGARET,2012-2-8
1068,PETERSON HELP,2011-7-3
1069,AFRICA QUEEN,2013-10-1
1070,WOOD RAW,2013-8-25
1071,ROSS YES,2015-7-16
1072,FILM QUEEN,2015-9-22
1073,TURNER DOING,2012-1-2
1074,SIMMONS SUSAN,2014-11-11
1075,PETERSON HELP,2010-11-17
1076,WOOD CYNTHIA,2010-10-1
1077,BAKER KING,2015-12-19
1078,LION QUEEN,2015-8-20
1079,ROBERTS HELP,2012-5-26
1080,SPIDER RAW,2012-1-6
1081,YOUNG ROW,2014-4-13
1082,LUCKY RING,2011-5-20
1083,FOSTER YES,2013-11-16
1084,CHINA AMY,2014-6-27
1085,JENKINS ELIZABETH,2014-12-4
1086,GRIFFIN BRENDA,2011-6-10
1087,BARNES SUSAN,2014-9-8
1088,WILSON AMY,2010-12-6
1089,HARRIS QUEEN,2014-5-2
1090,WASHINGTON BRENDA,2010-5-1
1091,SANDERS RAW,2010-11-22
1092,SCOTT RIGHT,2010-6-28
1093,HAYES GO,2013-2-25
1094,HARRIS KILL,2011-9-7
1095,MORE GO,2014-9-27
1096,HARRIS MELISSA,2014-10-17
1097,WOOD ANGELA,2012-2-6
1098,SIMMONS ROW,2011-8-1
1099,MORE ELIZABETH,2013-2-27
1100,DOLLAR ROW,2011-6-16
1101,HUGE KING,2015-1-16
1102,HELL RIGHT,2012-6-2
1103,SNAKE KILL,2012-5-28
1104,FOUR WENT,2012-1-6
1105,JENKINS ALEX,2012-2-18
1106,DOLLAR ANNA,2011-1-24
1107,CHINA SUSAN,2011-10-25
1108,ILL DOROTHY,2012-1-24
1109,ROBERTS KING,2010-8-4
1110,FIVE WENT,2011-7-1
1111,WOOD AMY,2012-2-12
1112,GONZALEZ RAW,2013-10-6
1113,WEMAN DONNA,2015-4-18
1114,ADAMS REBECCA,2013-1-23
1115,ILL CYNTHIA,2010-3-7
1116,WRIGHT HELP,2013-6-3
1117,RUSSELL GO,2014-10-9
1118,ROSS FRANCE,2011-5-14
1119,ALLEN MARGARET,2010-12-8
1120,MOORE DONNA,2010-8-26
1121,WILSON DOING,2011-5-15
1122,MILLER RISE,2010-12-26
1123,EURO RIGHT,2011-11-7
1124,ROSS KILL,2014-5-1
1125,MORE MARGARET,2012-11-24
1126,HOPELESS WENT,2010-3-22
1127,HAYES CYNTHIA,2014-12-28
1128,SCOTT HOPE,2012-1-6
1129,POLO HELP,2013-7-5
1130,SEX KILL,2015-11-26
1131,OLD ELIZABETH,2013-7-10
1132,DOLLAR BLACK,2015-12-24
1133,GONZALEZ RAW,2013-3-19
1134,HATE ANGELA,2010-5-20
1135,BAKER WRONG,2012-2-5
1136,CHINA ELIZABETH,2014-12-4
1137,HALL DONNA,2011-1-8
1138,HOPELESS CYNTHIA,2015-9-4
1139,HENDERSON RAW,2011-9-24
1140,HENDERSON CYNTHIA,2014-12-20
1141,HAYES HOPE,2013-9-10
1142,SIMMONS FRANCE,2011-6-18
1143,OLD ROW,2011-1-9
1144,HATE ROW,2012-8-26
1145,GREEN QUEEN,2015-12-21
1146,SMOKE RAW,2015-12-5
1147,REY WITH,2012-9-6
1148,GREEN DOING,2011-6-6
1149,DAVIS WRONG,2013-7-11
1150,WILSON MARGARET,2014-6-22
1151,ROBERTS RISE,2011-9-23
1152,LOPEZ QUEEN,2012-3-14
1153,PEREZ CYNTHIA,2011-10-3
1154,BOSS SARAH,2011-7-2
1155, WITH,2015-9-5
1156,PETERSON QUEEN,2014-10-20
1157,WEST BRENDA,2013-12-23
1158,POLO AMY,2014-1-13
1159,GONZALES ELIZABETH,2014-9-21
1160,AFRICA WENT,2015-12-20
1161,HAYES BLACK,2012-11-13
1162,PRICE SUSAN,2013-4-9
1163,HILL MELISSA,2011-6-8
1164,WASHINGTON KING,2010-2-7
1165,MOORE ROW,2013-1-4
1166,SMOKE DONNA,2010-5-2
1167,JENKINS WENT,2010-4-25
1168,BAKER YES,2013-5-2
1169,HEAVEN ANNA,2013-11-26
1170,PEREZ MELISSA,2012-3-23
1171,HELL NO,2014-9-2
1172,WRIGHT RING,2010-10-18
1173,ROBERTS HELP,2011-8-18
1174,BUTLER FRANCE,2015-3-12
1175,HOPELESS CYNTHIA,2012-1-8
1176,ROBERTS WENT,2015-2-20
1177,DOLLAR DOING,2015-7-21
1178,HEAVEN YES,2015-9-16
1179,BUTLER RISE,2012-3-5
1180,MAN BRENDA,2012-11-18
1181,RUSSELL KING,2010-7-27
1182,BARNES HELP,2013-6-23
1183,MARTIN ROW,2013-9-26
1184,LION RAW,2014-12-16
1185,WILSON AMY,2014-2-24
1186,GRAY DONNA,2010-4-13
1187,GREEN AMY,2010-5-21
1188,SEX ALEX,2012-6-18
1189,EDWARDS DOROTHY,2011-4-23
1190,DRAGULA YES,2015-4-15
1191,GONZALEZ BLACK,2011-2-7
1192,HAYES DOROTHY,2014-9-13
1193,WASHINGTON SUSAN,2015-10-27
1194,WEST BLACK,2015-3-25
1195,COUNTRY WRONG,2011-3-14
1196,BARNES QUEEN,2012-10-24
1197,SIX BRENDA,2011-7-3
1198,VILLE RISE,2014-2-22
1199,SANDERS AMY,2010-9-12
1200,LOVE MELISSA,2010-8-3
1201,SNAKE AMY,2012-8-3
1202,EAT KILL,2014-4-7
1203,SPIDER KILL,2014-9-5
1204,HARRIS YES,2015-10-12
1205,LUCK BLACK,2011-7-27
1206,DEAD YES,2013-8-7
1207,HAYES RAW,2011-4-21
1208,LOPEZ KILL,2015-1-26
1209,DAVIS LISA,2011-10-20
1210,ALEXANDER NO,2010-9-6
1211,MITCHELL WITH,2013-8-16
1212,LOPEZ YES,2013-11-16
1213,BRYANT DONNA,2013-9-12
1214,PARKER DOING,2013-10-16
1215,FILM RAW,2012-2-28
1216,BOSS DOROTHY,2014-4-14
1217,PARKER WRONG,2014-5-10
1218,PARKER QUEEN,2015-7-24
1219,NEW BRENDA,2015-12-18
1220,HOPE AMY,2012-6-20
1221,HILL SUSAN,2014-5-19
1222,MOORE KING,2013-4-3
1223,GRIFFIN ANGELA,2015-1-15
1224,BAT BLACK,2012-6-26
1225,SIX RING,2015-12-16
1226,HOPELESS BLACK,2011-11-7
1227,LUCK AMY,2015-1-15
1228,HOPELESS ANGELA,2015-5-7
1229,GREEN RING,2015-1-13
1230,SNAKE WENT,2012-2-5
1231,DRINK WITH,2013-3-28
1232,ALLEN WRONG,2013-3-13
1233,PEREZ ALEX,2015-10-22
1234,SIMMONS FRANCE,2013-5-17
1235,PHILLIPS RAW,2015-10-9
1236,WILSON QUEEN,2012-2-1
1237,YOUNG HELP,2012-9-22
1238,CARTER DONNA,2015-12-11
1239,SNAKE KING,2012-7-7
1240,OLD ROW,2012-12-25
1241,GREEN DOROTHY,2013-9-14
1242,EUROPE SARAH,2013-6-24
1243,EAST KING,2012-6-21
1244,RED CYNTHIA,2013-10-25
1245,MAN REBECCA,2011-12-11
1246,ROBERTS WRONG,2013-6-3
1247,AFRICA RING,2015-11-13
1248,RUSSELL ALEX,2014-8-13
1249,PETERSON MARGARET,2010-10-5
1250,BUTLER WRONG,2013-1-18
1251,YOUNG QUEEN,2012-3-15
1252,LUCKY DOING,2012-7-22
1253,PHILLIPS BRENDA,2014-3-2
1254,HOPE ANNA,2013-4-7
1255,NEW WRONG,2011-1-11
1256,MORE SARAH,2013-2-24
1257,MORE ALEX,2012-8-17
1258,DOLLAR SARAH,2015-5-19
1259,LUCK NO,2014-11-25
1260,CHINA ELIZABETH,2011-6-16
1261,RUSSELL WITH,2011-4-12
1262,WRIGHT ANGELA,2012-8-9
1263,HATE GO,2015-11-1
1264,WATSON BRENDA,2012-12-24
1265,GONZALEZ ALEX,2015-10-13
1266,AFRICA RING,2012-12-21
1267,WASHINGTON CYNTHIA,2010-12-11
1268,ROSS ROW,2011-1-27
1269,WATSON WENT,2015-2-23
1270,SCOTT ANNA,2010-5-16
1271,DRINK REBECCA,2010-12-4
1272,BOSS DOROTHY,2011-4-15
1273,CARTER WITH,2014-5-23
1274,PETERSON KING,2011-2-19
1275,LUCK ROW,2010-4-10
1276,EVANS DOING,2013-1-25
1277,LOVE REBECCA,2010-6-5
1278,MORE MELISSA,2015-8-3
1279,LOPEZ ROW,2015-9-15
1280,HUGE RING,2012-7-8
1281,WATSON RING,2010-4-5
1282,FOSTER RAW,2014-6-15
1283,HARRIS QUEEN,2012-5-18
1284,FILM RING,2013-3-18
1285,LOPEZ AMY,2013-5-21
1286,MAN HOPE,2010-4-13
1287,HENDERSON ELIZABETH,2010-2-8
1288,FOSTER MARGARET,2011-11-16
1289,HALL GO,2015-6-22
1290, YES,2012-2-12
1291,EDWARDS RAW,2010-11-12
1292,HOPE DOING,2015-4-18
1293,PRICE WITH,2011-7-10
1294,DAVIS DONNA,2015-12-22
1295,WELL DOING,2012-1-25
1296,DIAZ SUSAN,2011-10-22
1297,BARNES BRENDA,2012-11-26
1298,MARTIN WRONG,2010-11-25
1299,WASHINGTON MARGARET,2014-3-8
1300,GRAY ELIZABETH,2014-8-3
1301,HALL WENT,2011-8-28
1302,GREEN DOING,2013-2-6
1303,ILL SUSAN,2015-5-8
1304,CAMPBELL GO,2015-10-8
1305,SEX MELISSA,2015-2-1
1306,MORE CYNTHIA,2010-5-10
1307,DRAGULA YES,2012-2-4
1308,WASHINGTON ANGELA,2015-12-7
1309,WATSON MARGARET,2010-6-26
1310,TURNER REBECCA,2013-3-7
1311,BAKER ROW,2012-4-12
1312,ALLEN DONNA,2013-11-9
1313,HOPELESS RIGHT,2013-4-2
1314,FOSTER WRONG,2013-7-9
1315,PETERSON REBECCA,2010-8-27
1316,PHILLIPS KING,2015-5-14
1317, ANNA,2014-10-1
1318,GONZALES MARGARET,2012-5-5
1319,DAVIS BRENDA,2012-8-25
1320,ALLEN DONNA,2012-1-23
1321,PETERSON MARGARET,2011-10-1
1322,HERNANDEZ QUEEN,2015-11-12
1323,JENKINS RISE,2015-2-7
1324,HOPELESS BRENDA,2013-6-15
1325,SMOKE KING,2013-3-27
1326,HOPELESS REBECCA,2013-5-28
1327,VILLE HELP,2011-12-7
1328,HERNANDEZ YES,2015-3-3
1329,LION FRANCE,2014-10-23
1330,HELL LISA,2011-10-17
1331,EUROPE HOPE,2012-1-26
1332,ALLEN SUSAN,2011-4-24
1333,WOOD DONNA,2010-4-2
1334,AFRICA NO,2013-4-6
1335,POLO CYNTHIA,2010-8-6
1336,SEX MELISSA,2014-5-8
1337,GONZALES LISA,2012-7-26
1338,GRAY GO,2014-12-12
1339,WELL MARGARET,2014-9-15
1340,AFRICA DOROTHY,2012-12-17
1341,PETERSON GO,2013-8-21
1342,DRINK ELIZABETH,2011-3-22
1343,PARKER DOING,2013-6-25
1344,HARRIS MELISSA,2014-1-10
1345,JENKINS FRANCE,2012-6-11
1346,GONZALEZ SUSAN,2010-11-25
1347,NELSON ANNA,2011-10-9
1348,ILL QUEEN,2012-8-18
1349,WATSON WITH,2011-6-28
1350,DRINK ALEX,2013-8-15
1351,COUNTRY ANGELA,2010-2-11
1352,COLEMAN ELIZABETH,2012-2-21
1353,EVIL WRONG,2014-3-8
1354,MARTIN FRANCE,2010-11-20
1355,LION DOROTHY,2012-1-25
1356,EUROPE RAW,2013-2-2
1357,WATSON MELISSA,2015-5-5
1358,MARTIN DOROTHY,2014-7-7
1359,HILL YES,2011-1-9
1360,MILLER ALEX,2010-9-6
1361,BOSS KING,2012-2-16
1362,HENDERSON WRONG,2013-9-19
1363,SCOTT HOPE,2012-10-9
1364,SANDERS KILL,2011-11-16
1365,HARRIS KILL,2012-11-18
1366,DEAD BRENDA,2010-12-19
1367,VILLE WRONG,2012-9-6
1368,MOORE DONNA,2011-7-11
1369,DEAD ALEX,2010-3-25
1370,LOVE DOROTHY,2010-4-22
1371,DRINK YES,2012-2-2
1372,FOSTER ROW,2011-3-7
1373,LUCK SARAH,2012-2-7
1374,REY RIGHT,2014-3-25
1375,BRYANT KING,2013-5-17
1376,MITCHELL YES,2013-9-7
1377,DIAZ REBECCA,2013-9-25
1378,LION YES,2014-10-18
1379,KING MARGARET,2015-2-28
1380,MAN GO,2015-2-24
1381,BAT QUEEN,2015-7-2
1382,MORE QUEEN,2013-2-23
1383,RED RISE,2010-6-15
1384,ILL DOING,2010-4-4
1385,DEAD MELISSA,2010-4-1
1386,DRINK DOROTHY,2011-2-18
1387,CAMPBELL RING,2014-7-23
1388,LION WITH,2012-10-9
1389,MORE BLACK,2014-2-8
1390,NEW MARGARET,2013-3-1
1391,WATSON LISA,2011-3-27
1392,ALEXANDER ANGELA,2010-2-25
1393,HOPELESS CYNTHIA,2011-10-19
1394,DIAZ SUSAN,2012-12-24
1395,LIFE ELIZABETH,2010-2-25
1396,SNAKE ANGELA,2013-6-21
1397,WOOD KING,2013-1-19
1398,HOPELESS BRENDA,2015-9-27
1399,NEW ALEX,2013-8-4
1400,SIMMONS ROW,2015-12-27
1401,BUTLER NO,2014-9-27
1402,LUCKY CYNTHIA,2013-10-21
1403,ALEXANDER HOPE,2013-10-21
1404,DOLLAR ANNA,2014-8-12
1405,HATE HELP,2013-10-12
1406,DOLLAR ALEX,2012-11-11
1407,WASHINGTON WENT,2013-11-12
1408,DIAZ KING,2015-6-7
1409,HUGE DONNA,2013-6-28
1410,YOUNG BRENDA,2014-2-23
1411,DEAD ELIZABETH,2015-1-10
1412,MORE ANNA,2012-12-19
1413,EUROPE GO,2015-4-9
1414,CARTER ELIZABETH,2013-3-10
1415,CAMPBELL ALEX,2014-5-26
1416,HAYES FRANCE,2011-12-22
1417,SMOKE ALEX,2015-9-8
1418,EAST REBECCA,2014-4-12
1419,WELL YES,2013-5-10
1420,FIVE WENT,2010-11-19
1421,HILL LISA,2013-12-20
1422,BUTLER CYNTHIA,2013-9-5
1423,ALLEN REBECCA,2014-4-24
1424,EAT DONNA,2013-8-18
1425,RUSSELL DOING,2015-10-19
1426,JENKINS BLACK,2015-6-23
1427,MOORE WITH,2011-2-7
1428,EUROPE HELP,2015-8-13
1429,ALEXANDER NO,2015-12-6
1430,RUSSELL REBECCA,2010-4-19
1431,KING HOPE,2015-3-11
1432,WELL QUEEN,2014-4-1
1433,ALLEN LISA,2013-6-6
1434,WATSON LISA,2013-4-24
1435,EURO RING,2013-10-12
1436,PHILLIPS QUEEN,2013-5-10
1437,RUSSELL ANGELA,2011-9-27
1438,EURO MARGARET,2010-6-14
1439,BAKER REBECCA,2010-4-13
1440,HUGE KING,2010-4-26
1441,LIVE YES,2010-1-20
1442,COLLINS AMY,2013-11-24
1443,WRIGHT SUSAN,2012-4-27
1444,COUNTRY HOPE,2012-12-23
1445,SPIDER MARGARET,2011-4-27
1446,CHINA RISE,2010-10-14
1447,LIFE RIGHT,2015-11-5
1448,ROSS HOPE,2011-5-12
1449,WEMAN ALEX,2013-10-23
1450,LOVE AMY,2011-10-27
1451,ALEXANDER SARAH,2011-10-14
1452,VILLE ROW,2011-2-13
1453,ILL KILL,2013-9-7
1454,COLLINS ANNA,2012-10-13
1455,LION YES,2014-4-15
1456,BUTLER CYNTHIA,2015-10-17
1457,WEST KILL,2011-12-6
1458,PHILLIPS ALEX,2012-1-21
1459,FIVE DOROTHY,2015-1-15
1460,EAST HELP,2011-12-21
1461,WOOD ROW,2010-2-1
1462,DOLLAR FRANCE,2013-9-12
1463,EAT BRENDA,2015-10-27
1464,HAYES REBECCA,2010-3-27
1465,HOPELESS ALEX,2013-7-23
1466,RED RING,2011-10-4
1467,MOORE RING,2011-1-9
1468,WATSON WRONG,2014-5-19
1469,HERNANDEZ RAW,2012-2-11
1470,WEST WENT,2012-10-17
1471,HOPELESS BRENDA,2010-6-27
1472,MILLER HOPE,2010-9-10
1473,BAT WENT,2013-12-27
1474,COLLINS RISE,2010-1-1
1475,KING RIGHT,2010-2-17
1476,SCOTT NO,2010-7-6
1477,CHINA AMY,2010-11-19
1478,MAN BLACK,2014-9-19
1479,NELSON NO,2011-3-10
1480, RING,2011-4-27
1481, NO,2013-4-1
1482,NELSON NO,2015-12-19
1483,WRIGHT ANNA,2011-5-12
1484,HOPELESS KILL,2014-1-4
1485,SNAKE YES,2011-12-11
1486,SPIDER HOPE,2015-1-15
1487,HELL ANNA,2013-2-11
1488,AFRICA HOPE,2013-7-26
1489,RUSSELL KING,2014-3-1
1490,EAST WITH,2011-12-21
1491,WASHINGTON KILL,2014-10-7
1492,LIFE BRENDA,2013-4-2
1493,GRAY SUSAN,2010-4-11
1494,PEREZ ELIZABETH,2012-12-14
1495, ROW,2014-2-12
1496,PEREZ FRANCE,2015-6-26
1497,BAT RISE,2011-5-20
1498,MORE HELP,2013-8-21
1499,RUSSELL ROW,2014-7-27
